date,Air temperature (Â°C),Wind speed (m.s-1),Atmospheric pressure (Pa),Shortwave radiation (W.m-2),Longwave radiation (W.m-2),Specific humidity (kg.kg-1),Relative humidity (%),Precipitation (mm),Snow depth (cm),Field snow depth (cm)
2019-07-01,20.1708333333333,1.75408959532033,100185.833333333,290.759721050677,365.952195472371,0.0107283370393581,74.9166666666667,0.0,0.0,
2019-07-02,23.1166666666667,2.35519003887437,99745.8333333333,289.626982911692,370.356597074277,0.0110766523881931,64.8333333333333,0.0,0.0,
2019-07-03,21.8833333333333,1.3105848330039,100112.916666667,313.964515330554,353.366450369274,0.0104292762497214,68.4166666666667,0.0,0.0,
2019-07-04,23.9541666666667,2.11775782805222,100736.666666667,313.822923063181,366.220236510384,0.0118466435471343,67.4583333333333,0.0,0.0,
2019-07-05,23.15,2.2960560903685,100737.916666667,260.61145981308,386.177110158857,0.0139144965233645,78.5833333333333,0.4,0.0,
2019-07-06,23.3416666666667,3.4573216422008,100118.75,223.383585206827,391.470920659627,0.0133610841303917,74.0,18.5,0.0,
2019-07-07,17.6541666666667,2.19691584276824,100612.916666667,355.957514319555,309.182321989429,0.0076727680004695,63.375,0.0,0.0,
2019-07-08,18.1916666666667,1.82317100039125,100550.833333333,350.854746837686,320.634984522741,0.0083350186450125,68.7083333333333,0.0,0.0,
2019-07-09,20.5583333333333,2.04317865589446,100559.166666667,292.545961962153,352.038428862752,0.0097084582659056,66.6666666666667,0.0,0.0,
2019-07-10,22.0875,1.22632467220563,100609.166666667,270.974924613504,371.751628840303,0.0117535964764256,73.25,0.0,0.0,
2019-07-11,21.1916666666667,2.45748090519909,100099.583333333,156.639168709719,385.446089146092,0.0136222972685059,86.2083333333333,18.7,0.0,
2019-07-12,21.075,2.07909265963129,99646.25,199.661434565394,402.259572439678,0.0131830201621326,84.7083333333333,0.1,0.0,
2019-07-13,21.5833333333333,2.49973834107921,100015.416666667,310.136078255043,366.969533048468,0.012504020366685,78.75,9.1,0.0,
2019-07-14,19.0083333333333,2.7086261200917,100238.333333333,257.229582965437,365.873001529321,0.0109310438360879,80.8333333333333,3.0,0.0,
2019-07-15,19.75,2.39631752603768,100633.333333333,292.044943169909,346.823812305031,0.0100166070425108,71.8333333333333,0.0,0.0,
2019-07-16,21.0791666666667,2.9079349304871,100395.833333333,224.28759737544,370.429699175554,0.0117631043763393,76.0,0.0,0.0,
2019-07-17,22.4833333333333,2.6458972923684,100122.083333333,165.766424098847,394.02340236253,0.0138892706632914,81.1666666666667,10.5,0.0,
2019-07-18,19.1166666666667,1.61433563719396,100525.0,332.970554297175,325.861784764007,0.0091017725192629,68.9166666666667,0.0,0.0,
2019-07-19,23.7166666666667,3.5725800088234,99724.1666666667,239.721154519109,399.694907053229,0.0155652048033793,84.1666666666667,9.5,0.0,
2019-07-20,26.5041666666667,3.16395717922988,99621.6666666667,294.353986299379,403.502308161377,0.017210881193801,79.8333333333333,0.0,0.0,
2019-07-21,23.2833333333333,2.48661431406626,99627.9166666667,245.068985540662,397.33127244529,0.0152217677259227,84.8333333333333,6.6,0.0,
2019-07-22,17.4,1.14297113156381,100315.0,211.359134192988,344.606381899645,0.0091073864630499,74.6666666666667,0.0,0.0,
2019-07-23,18.4125,1.88067695072016,100123.333333333,259.092065867037,351.155111805661,0.0101688347610643,79.1666666666667,0.8,0.0,
2019-07-24,16.0666666666667,1.79731363546197,100594.166666667,226.231768123601,345.063270032623,0.0086853511264389,78.875,0.0,0.0,
2019-07-25,18.2541666666667,1.79697664253239,100887.5,254.827960276532,346.866455197442,0.0097289256149537,76.9583333333333,0.0,0.0,
2019-07-26,21.6291666666667,2.07057589505163,101300.833333333,314.944769489291,351.11246891325,0.0122076840081254,77.625,0.0,0.0,
2019-07-27,22.5708333333333,2.21030455798946,101187.083333333,285.891125395617,364.551071864572,0.0122360165504596,74.3333333333333,0.0,0.0,
2019-07-28,23.6666666666667,3.54054291206007,100443.75,196.845926787244,384.252088158577,0.0135827630024209,74.4166666666667,0.0,0.0,
2019-07-29,23.6166666666667,2.4865569138492,100277.083333333,277.896608145473,382.327066158297,0.0140284175256793,78.6666666666667,0.0,0.0,
2019-07-30,23.7916666666667,2.9002271214718,100260.416666667,273.087916911225,397.879538204863,0.0145191603525156,79.5833333333333,0.0,0.0,
2019-07-31,22.4333333333333,1.94807824310769,100491.25,191.819401295499,403.362195800597,0.0141088257954797,84.2916666666667,0.7,0.0,
2019-08-01,18.7756122874963,2.14101915779122,100845.619480834,294.686183542062,338.417070658239,0.00867830524068,68.7873190584099,0.0005771872864171,0.0,
2019-08-02,19.4083333333333,2.60857928922355,100933.75,303.867897495564,336.839283639022,0.0091171330154851,68.5,0.0,0.0,
2019-08-03,19.25,2.84722222222222,100429.166666667,262.267000170057,348.590446419212,0.0103866827333029,76.5,0.0,0.0,
2019-08-04,15.7458333333333,2.11805555555556,100515.0,255.846335430331,328.724950397335,0.007758724410935,72.2083333333333,0.0,0.0,
2019-08-05,16.0291666666667,1.70138888888889,100477.5,299.636467043683,324.381467213159,0.0078793981775714,73.1666666666667,0.0,0.0,
2019-08-06,21.3458333333333,2.68518518518518,99954.1666666667,267.326200800427,359.63495555373,0.010757995246294,70.2083333333333,0.0,0.0,
2019-08-07,21.1416666666667,1.64351851851852,99858.75,160.876045018038,399.700998895002,0.0142502876903308,90.3333333333333,5.1,0.0,
2019-08-08,21.125,2.68518518518519,99246.6666666667,152.963215614456,395.515903596924,0.013518310040872,86.375,7.0,0.0,
2019-08-09,18.3791666666667,3.19444444444444,99340.0,231.487019585719,349.894100558642,0.0108748713883887,82.6666666666667,6.4,0.0,
2019-08-10,15.275,2.87037037037037,99695.4166666667,227.941767044954,341.578736538445,0.0093410605275911,86.375,2.4,0.0,
2019-08-11,18.2166666666667,3.62268518518518,100145.833333333,229.531957124682,352.824276451474,0.0093221054427498,73.875,0.0,0.0,
2019-08-12,20.375,2.92824074074074,100001.25,215.301934253685,372.811609308812,0.0118730134394319,79.4583333333333,2.4,0.0,
2019-08-13,19.0458333333333,2.04861111111111,99910.4166666667,236.377398666528,350.83224419169,0.0099087816754421,74.25,0.0,0.0,
2019-08-14,16.2833333333333,2.44212962962963,100395.0,235.005042844297,335.5112621325,0.0079423903857264,71.0833333333333,0.0,0.0,
2019-08-15,14.7291666666667,1.00694444444444,100830.416666667,285.177718202314,321.359913693732,0.0071828992343194,73.6666666666667,0.0,0.0,
2019-08-16,17.6583333333333,1.12268518518519,100682.916666667,231.742974838278,357.642923293947,0.0105574403964957,84.375,1.9,0.0,
2019-08-17,20.1833333333333,1.25,100510.416666667,116.023971399387,389.966235741687,0.0137245666333541,92.875,5.3,0.0,
2019-08-18,21.2125,1.8287037037037,100490.833333333,201.099140664875,385.84205886134,0.0136582757077864,88.1666666666667,0.5,0.0,
2019-08-19,21.925,3.35648148148148,100142.916666667,156.110920635289,388.997632899774,0.0136343949144214,83.25,0.1,0.0,
2019-08-20,18.4583333333333,2.62731481481482,100690.833333333,287.394181772347,330.991115536905,0.0095234675423383,75.4583333333333,0.0,0.0,
2019-08-21,17.6916666666667,2.06018518518519,100190.0,114.940245968339,371.398302017467,0.0118197371593426,92.0833333333333,10.3,0.0,
2019-08-22,20.4958333333333,2.95138888888889,99856.6666666667,210.934357390868,376.210857018167,0.0127224503260369,84.5833333333333,0.0,0.0,
2019-08-23,15.9458333333333,2.68518518518519,100560.833333333,224.401960360626,341.700573373906,0.008226742934066,75.3333333333333,0.0,0.0,
2019-08-24,15.6208333333333,1.95601851851852,101382.916666667,186.466124417508,339.36130613306,0.0083309647575415,78.1666666666667,0.0,0.0,
2019-08-25,15.0416666666667,1.16898148148148,101760.833333333,274.26422190171,318.515023585723,0.0077452895356329,77.375,0.0,0.0,
2019-08-26,15.8666666666667,0.972222222222222,101412.5,276.311863922182,322.072659181178,0.0079817234510833,75.7916666666667,0.0,0.0,
2019-08-27,16.5541666666667,1.70138888888889,100689.166666667,275.32071805057,321.658413940611,0.0082131107743779,75.0416666666667,0.0,0.0,
2019-08-28,18.8208333333333,2.25694444444444,100157.5,113.104992348926,384.020598171202,0.0115228347623767,84.7083333333333,6.8,0.0,
2019-08-29,18.8125,2.56944444444444,100047.5,205.717226923813,365.379562345705,0.0112406830936064,84.125,0.3,0.0,
2019-08-30,17.2541666666667,4.02777777777778,100178.333333333,161.132000270597,345.471423431417,0.0090472502987685,75.3333333333333,6.3,0.0,
2019-08-31,15.1083333333333,2.41898148148148,101201.25,202.705668313916,334.828975853919,0.0080251035455967,77.5833333333333,0.0,0.0,
2019-09-01,13.4833333333333,1.21527777777778,101643.75,248.532550234866,308.926464634962,0.0071534845096066,78.0,0.0,0.0,
2019-09-02,16.4791666666667,3.14814814814815,100526.25,50.9242035463819,372.933446144272,0.011028610118713,94.5416666666667,15.3,0.0,
2019-09-03,14.6208333333333,2.12962962962963,100796.25,242.21535676745,324.795712453726,0.0074888904339995,73.9583333333333,0.0,0.0,
2019-09-04,17.5,5.32407407407407,99871.6666666667,118.616199063602,372.945629827818,0.0102735312689452,81.0,12.3,0.0,
2019-09-05,12.6583333333333,2.12962962962963,100874.166666667,221.237917770481,312.746049426656,0.0070012842694469,79.9166666666667,0.0,0.0,
2019-09-06,14.0125,2.28009259259259,100715.416666667,185.970551481702,335.352874246401,0.00750941579369,77.625,0.0,0.0,
2019-09-07,14.3,2.28009259259259,100005.0,192.412999647178,337.022038892213,0.0080062981134211,79.875,2.1,0.0,
2019-09-08,12.7708333333333,1.64351851851852,100544.583333333,161.899866028274,341.042654462418,0.0074869762409767,82.5416666666667,0.0,0.0,
2019-09-09,11.6416666666667,1.30787037037037,101607.5,178.591416008988,319.757759307423,0.0066753674298756,81.25,0.0,0.0,
2019-09-10,11.4375,1.48148148148148,101540.0,141.826439199917,329.772747182298,0.0073056705147015,86.5,0.9,0.0,
2019-09-11,17.65,3.62268518518519,100655.0,109.4344851101,380.645717828938,0.0111340536922266,87.9166666666667,0.9,0.0,
2019-09-12,12.475,2.28009259259259,101460.0,211.075949658242,310.595629280774,0.006606777744648,76.875,0.0,0.0,
2019-09-13,10.9083333333333,2.60416666666667,102030.416666667,241.060835202716,285.92367009997,0.0053509873900246,71.25,0.0,0.0,
2019-09-14,15.5291666666667,5.38194444444444,100853.333333333,77.2004608569682,372.720231682216,0.0086601942296331,78.375,3.7,0.0,
2019-09-15,14.375,3.28703703703704,100776.25,122.313935584615,348.298038014106,0.0076299079527703,75.5833333333333,0.0,0.0,
2019-09-16,12.9291666666667,2.46527777777778,100830.833333333,141.978923180165,325.819141871596,0.0067366930664339,75.5416666666667,0.0,0.0,
2019-09-17,9.77916666666667,1.5625,101261.25,155.805952674793,307.671545229716,0.0062587059223413,84.9166666666667,0.0,0.0,
2019-09-18,8.375,0.856481481481481,101735.416666667,229.744345525742,277.724051073461,0.005014858690376,78.7916666666667,0.0,0.0,
2019-09-19,9.65416666666667,1.5162037037037,101626.25,216.369322115421,295.329473797541,0.0054634811178994,76.9166666666667,0.0,0.0,
2019-09-20,15.3041666666667,2.62731481481481,101143.75,198.223728465913,336.150905518668,0.0077394990119633,74.2916666666667,0.0,0.0,
2019-09-21,17.5333333333333,1.18055555555555,101181.25,205.336016973193,344.210412184398,0.0099798939668735,82.2916666666667,0.0,0.0,
2019-09-22,20.2708333333333,4.14351851851852,100479.166666667,133.456157855591,372.543568270798,0.0110790913655825,76.0,0.0,0.0,
2019-09-23,21.1,3.92361111111111,99477.9166666667,37.260549744877,400.096968610249,0.0136002243970871,87.2083333333333,9.8,0.0,
2019-09-24,13.9583333333333,3.22916666666667,99636.25,47.7819443819865,376.893143296747,0.0092732240910582,91.7916666666667,0.2,0.0,
2019-09-25,11.6833333333333,1.75925925925926,100022.5,85.4237040774834,357.50890277494,0.0074037988580253,86.7916666666667,0.0,0.0,
2019-09-26,14.6541666666667,3.02083333333333,99564.1666666667,33.8024309071108,358.81255691437,0.0092795188845525,88.7083333333333,13.4,0.0,
2019-09-27,12.25,2.61574074074074,100617.083333333,167.901199822319,308.999566736238,0.0073961692795103,85.3333333333333,0.0,0.0,
2019-09-28,15.1583333333333,2.70833333333333,100501.25,45.4674553960799,376.612918575187,0.0097682649419203,90.7083333333333,6.0,0.0,
2019-09-29,8.7375,2.58101851851852,101800.416666667,200.826847843003,280.179063307995,0.0050486040455083,75.0833333333333,0.0,0.0,
2019-09-30,6.8,1.41203703703704,101747.5,172.464827516882,282.658442909621,0.0046035690284058,78.4166666666667,0.0,0.0,
2019-10-01,12.6475830036622,1.68018072953208,100136.89860223,25.3068948647243,371.221638606049,0.008743193512494,93.2347950719553,21.8222969248062,0.0,
2019-10-02,9.71823517645787,3.31340834558795,100336.377417591,83.5013167550715,339.172459038095,0.0062821058301759,79.6557694111899,0.823646257715257,0.0,
2019-10-03,4.29583333333333,1.55092592592593,101134.583333333,124.121959921841,285.734823005006,0.0038923936080945,77.7916666666667,0.0,0.0,
2019-10-04,5.07916666666667,3.64583333333333,101140.416666667,101.804840241264,305.776982438301,0.0041494110000634,78.125,2.7,0.0,
2019-10-05,3.78333333333333,1.45833333333333,101972.083333333,179.94198840547,253.076459259749,0.0037273388652979,79.5416666666667,0.0,0.0,
2019-10-06,9.125,4.00462962962963,101073.333333333,101.499872280768,307.500973660071,0.0061414491694424,81.9583333333333,0.0,0.0,
2019-10-07,13.1041666666667,3.61111111111111,100750.0,45.3367548415816,353.147144065445,0.0084873234711037,90.4166666666667,10.7,0.0,
2019-10-08,10.2666666666667,2.06018518518519,101502.083333333,172.034604858326,287.452722385002,0.0059066368551439,79.4166666666667,0.0,0.0,
2019-10-09,8.31666666666667,1.93287037037037,102027.083333333,165.385214148227,276.060978269421,0.0048558467801743,76.0416666666667,0.0,0.0,
2019-10-10,8.86666666666667,1.95601851851852,102006.25,170.161230243851,278.442888402679,0.0051082129431481,76.875,0.0,0.0,
2019-10-11,10.1083333333333,2.75462962962963,101703.75,170.351835219161,275.945233275733,0.0047872553506768,67.5833333333333,0.0,0.0,
2019-10-12,12.1041666666667,2.16435185185185,100617.5,79.6674338231227,343.75352405142,0.0063093842203382,71.7916666666667,0.0,0.0,
2019-10-13,9.49166666666667,3.4837962962963,100669.166666667,168.641836297809,290.443816695564,0.0053817051229125,75.0,0.0,0.0,
2019-10-14,8.2125,3.00925925925926,100323.75,140.944210457054,285.344945131531,0.0051664854277104,77.875,0.2,0.0,
2019-10-15,6.10833333333333,3.29861111111111,100787.083333333,137.496983332162,266.93539929341,0.0042382430034585,75.6666666666667,0.0,0.0,
2019-10-16,10.1875,4.21296296296296,100122.083333333,107.098212698444,307.92131074241,0.0046976143360909,62.7916666666667,0.0,0.0,
2019-10-17,6.9,7.56944444444444,98209.1666666667,23.8419594830564,333.287739885341,0.0057977089820819,92.0,45.8,0.0,
2019-10-18,7.225,4.43287037037037,99560.8333333333,44.0351951530365,320.628892680968,0.0052471887174417,82.6666666666667,1.2,0.0,
2019-10-19,5.08333333333333,2.77777777777778,100650.833333333,140.252586689501,269.07972759752,0.0039046684601386,73.9583333333333,0.0,0.0,
2019-10-20,4.85833333333333,1.74768518518519,100725.833333333,111.808878516818,274.85479359836,0.0042036950403808,79.5833333333333,0.0,0.0,
2019-10-21,5.37916666666667,1.00694444444444,101062.916666667,143.716151383704,271.187504850991,0.0048169351965908,88.25,0.0,0.0,
2019-10-22,11.375,3.94675925925926,100646.666666667,85.597971483481,323.388497004154,0.0054410170981761,66.5416666666667,0.1,0.0,
2019-10-23,11.225,4.47916666666667,100075.0,110.692477947146,318.076410978065,0.0064197766914295,78.0833333333333,11.4,0.0,
2019-10-24,9.85833333333333,4.89583333333333,100883.333333333,81.5408084375977,296.639219778744,0.0052108823796137,70.0833333333333,0.0,0.0,
2019-10-25,5.24583333333333,1.80555555555556,101459.166666667,82.5047250270223,283.797617321179,0.0046295568299054,85.75,0.0,0.0,
2019-10-26,4.25416666666667,1.71296296296296,101410.0,126.883009135617,272.247485319499,0.0037246159120049,76.9583333333333,0.0,0.0,
2019-10-27,5.1625,4.54861111111111,100672.083333333,14.0230803263751,317.893655724874,0.0046619822044838,83.4583333333333,24.7,0.0,
2019-10-28,9.23333333333333,1.97916666666667,100927.5,34.9460607589705,353.500470888281,0.0069177224570759,95.75,2.4,0.0,
2019-10-29,10.6,3.75,101255.0,104.810952994724,312.770416793748,0.0064434556085036,82.9166666666667,0.0,0.0,
2019-10-30,12.9916666666667,3.68055555555555,101262.083333333,29.3858413363573,360.420803142452,0.0076673678059035,82.8333333333333,0.0,0.0,
2019-10-31,12.8,2.77777777777778,99647.5,16.6425372727776,373.938600036824,0.0089694683301705,95.1666666666667,43.8,0.041666667,
2019-11-01,5.57916666666667,10.4976851851852,99400.4166666667,52.6777693192335,309.58438354645,0.0044470653629316,75.5,16.1,0.0,
2019-11-02,2.325,2.28009259259259,101062.083333333,103.514839162617,252.613479284998,0.0031463823038679,71.5833333333333,0.0,0.0,
2019-11-03,3.26,3.3,100493.6,77.364272218606,277.510226204765,0.004117195600679,85.84,2.3,0.0,
2019-11-04,3.65,3.51851851851852,101240.0,71.5694453006685,276.511774560626,0.0036132016350718,75.4583333333333,0.0,0.0,
2019-11-05,6.9,5.37037037037037,100766.666666667,19.6704334519871,316.717930262677,0.0052525421410032,85.1666666666667,9.3,0.0,
2019-11-06,2.09583333333333,4.60648148148148,101223.75,105.7095193069,242.689869036719,0.0032236333388226,73.5833333333333,0.0,0.0,
2019-11-07,-0.558333333333333,2.65046296296296,100967.916666667,29.2496949254216,281.366972453737,0.0033891504773723,93.0833333333333,5.7,1.916666667,
2019-11-08,-4.21666666666667,3.34490740740741,100927.083333333,99.1472622997999,214.947621602303,0.0022666455403656,82.2916666666667,0.8,3.041666667,
2019-11-09,-3.62083333333333,4.0625,101027.5,91.359687594279,226.327182034339,0.0021727331645468,75.75,0.0,3.0,
2019-11-10,1.79583333333333,5.70601851851852,100218.333333333,33.0291192929961,289.5544077967,0.00277253091109,64.0,0.1,1.625,
2019-11-11,-5.525,3.66898148148148,101326.25,78.1752691592677,255.501012285418,0.0017520747064858,70.8333333333333,4.6,0.583333333,
2019-11-12,-7.3,6.62037037037037,100202.916666667,47.7165941047373,260.465863330444,0.001863487531223,83.875,12.6,14.58333333,
2019-11-13,-11.825,5.50925925925926,101295.0,93.3528710503774,207.314543860687,0.0010968470644238,71.9583333333333,0.0,15.29166667,
2019-11-14,-6.825,4.45601851851852,101568.75,63.3135269415289,257.901197943995,0.0017642691628939,75.9166666666667,0.6,13.875,
2019-11-15,-1.475,6.48148148148148,100754.583333333,70.1807519091245,259.204852083425,0.0025631420798909,72.4583333333333,1.1,11.58333333,
2019-11-16,-13.1833333333333,2.55787037037037,102475.416666667,108.029454149244,179.066673559109,0.000925429184763,68.875,0.0,10.0,
2019-11-17,-11.6708333333333,1.28472222222222,101968.75,102.583597711816,202.441070442256,0.0010215824881348,67.9583333333333,0.0,10.0,
2019-11-18,-6.85833333333333,1.875,100577.916666667,86.501983652094,238.096620339848,0.0016443425749514,70.4583333333333,0.0,10.0,
2019-11-19,-0.733333333333333,1.34259259259259,99984.5833333333,25.023710329978,308.865546217231,0.0031712914035116,87.5,3.3,9.708333333,
2019-11-20,0.0875,1.18055555555556,100665.833333333,27.2946324643852,307.976137318368,0.0037337417704892,97.9166666666667,3.6,8.625,
2019-11-21,-1.7875,2.09490740740741,100902.916666667,89.8893063561736,253.752653696556,0.0029936979197512,90.375,0.1,9.0,
2019-11-22,1.45,6.99074074074074,99212.0833333333,20.5090953433509,297.778394190302,0.0035686946852212,81.4166666666667,3.8,6.083333333,
2019-11-23,-4.49166666666667,4.09722222222222,100069.166666667,81.1541526305404,224.816405274625,0.0020748542733387,75.2083333333333,0.0,4.0,
2019-11-24,-1.14166666666667,1.86342592592593,99053.75,63.2590683771546,258.662678165625,0.0027339392546482,77.3333333333333,0.0,4.0,
2019-11-25,1.17083333333333,2.93981481481481,99459.5833333333,46.8016902232495,277.047856636653,0.0035690389540706,85.5,0.1,3.0,
2019-11-26,2.975,2.75462962962963,100182.916666667,47.8255112334859,292.033787398327,0.0040340418410004,85.875,0.0,1.208333333,
2019-11-27,0.379166666666667,2.88194444444444,100168.75,37.3531293043133,284.211862561746,0.0036418491740491,92.6666666666667,17.1,0.291666667,
2019-11-28,-1.53333333333333,6.14583333333333,100392.5,64.7621247538844,271.376351945955,0.0029791283415425,87.1666666666667,5.7,3.291666667,
2019-11-29,-5.16666666666667,4.07407407407407,101497.5,73.7695713013891,214.789233716205,0.0020642294186051,79.9583333333333,0.0,4.0,
2019-11-30,-9.55833333333333,3.53009259259259,101074.583333333,83.7572720076306,184.598065889028,0.001404051135197,77.0,0.0,4.0,
2019-12-01,-10.7333333333333,2.25694444444444,100697.083333333,83.6211255966949,199.090557467085,0.0013535428416339,79.9583333333333,0.0,3.958333333,
2019-12-02,-6.55416666666667,4.93055555555556,100186.666666667,83.0928775222644,205.109297138847,0.0015533770632629,67.0833333333333,0.0,4.0,
2019-12-03,-6.57083333333333,3.27546296296296,99306.6666666667,81.6769548485334,207.728789101253,0.0017621468899631,75.625,0.0,4.0,
2019-12-04,-3.25,1.90972222222222,98670.4166666667,56.9636583354887,254.879644424568,0.002697331290754,86.8333333333333,0.9,4.0,
2019-12-05,-2.63333333333333,3.55324074074074,99299.1666666667,52.6995527449832,272.893220547442,0.0029658716841882,93.125,1.7,4.958333333,
2019-12-06,-6.14583333333333,3.46064814814815,100562.5,51.1202543781293,240.819673612396,0.0019842427001218,82.875,0.5,6.083333333,
2019-12-07,-12.275,2.03703703703704,101600.833333333,68.5687784036462,204.189429031118,0.0012530249037997,84.0416666666667,0.0,6.416666667,
2019-12-08,-5.7125,4.80324074074074,101442.916666667,54.4694560871471,235.416209959711,0.0017455402769599,71.2916666666667,0.1,6.416666667,
2019-12-09,3.05416666666667,4.47916666666667,100069.583333333,25.5356208350962,323.760099352309,0.004267860610599,88.5,7.0,4.833333333,
2019-12-10,4.6875,7.84722222222222,99375.8333333333,25.8460346520296,310.278853508576,0.004516404616962,77.5416666666667,0.8,0.458333333,
2019-12-11,-7.18333333333333,4.35185185185185,101185.833333333,80.2882614569895,208.612106158344,0.0014496906517306,65.375,0.4,0.0,
2019-12-12,-8.25833333333333,4.86111111111111,102447.083333333,75.7355254753003,192.024021010361,0.0012193731086188,60.9166666666667,0.0,0.0,
2019-12-13,-0.5125,3.90046296296296,101599.583333333,63.8744501545838,261.98273193193,0.0024640485730704,66.2083333333333,0.6,0.0,
2019-12-14,3.6625,3.66898148148148,98879.5833333333,7.87470840851977,333.994393531013,0.0048957189145421,97.2916666666667,12.3,0.083333333,
2019-12-15,-2.80416666666667,11.0648148148148,98702.0833333333,44.0515327223488,265.540367527384,0.0026622321565079,79.7916666666667,2.0,0.791666667,
2019-12-16,-8.64166666666667,5.41666666666667,101185.416666667,77.3311614114665,182.612125471017,0.001384941534066,69.7916666666667,0.0,0.291666667,
2019-12-17,-3.64583333333333,2.12962962962963,100365.0,37.5001674281238,249.019292638905,0.0022621071741084,78.2083333333333,0.7,0.208333333,
2019-12-18,-5.42916666666667,3.62268518518519,99642.9166666667,29.1734529352976,269.091911281066,0.0023344412731277,90.125,4.6,6.583333333,
2019-12-19,-16.7833333333333,8.10185185185185,101148.333333333,64.2175391101418,193.778471440996,0.0007635713272736,74.2916666666667,0.0,3.958333333,
2019-12-20,-15.0166666666667,3.53009259259259,102576.666666667,71.5204325927317,186.248955009521,0.0009049672510383,77.7916666666667,0.0,3.0,
2019-12-21,-14.9291666666667,1.25,102440.833333333,48.1794919019186,206.071808138987,0.0009868052338444,81.7083333333333,0.0,3.0,
2019-12-22,-3.34166666666667,3.13657407407407,101035.416666667,26.2653655977115,278.680470231828,0.0025165233054933,81.5,0.1,2.541666667,
2019-12-23,2.55833333333333,5.34722222222222,100190.833333333,50.5974521601363,283.627045751534,0.0035613179695157,78.0416666666667,0.0,0.791666667,
2019-12-24,-4.44583333333333,3.40277777777778,101295.833333333,74.5537746283786,215.282672899821,0.0019664987022655,72.4166666666667,0.0,0.125,
2019-12-25,-6.275,2.53472222222222,101420.833333333,48.7186316892239,241.441041473246,0.0018506332572612,78.8333333333333,0.0,0.208333333,
2019-12-26,-6.7125,3.13657407407408,101845.416666667,64.3319020953277,225.967763369729,0.0015878052595074,71.2083333333333,0.0,0.875,
2019-12-27,1.52916666666667,3.81944444444444,100649.166666667,6.37165203178985,314.884285888993,0.0039214147605201,91.9166666666667,7.2,1.0,
2019-12-28,1.5625,5.71759259259259,100886.666666667,59.6212362769531,258.27280029215,0.0034701155880389,82.1666666666667,0.0,1.0,
2019-12-29,-1.85,3.02083333333333,101335.833333333,55.6185317954441,248.623322923658,0.0024057630315665,73.0416666666667,0.0,1.0,
2019-12-30,-3.57083333333333,4.87268518518519,100710.416666667,18.7664212833742,282.463503972884,0.0022567145550974,77.3333333333333,12.0,2.125,
2019-12-31,-1.24583333333333,2.69675925925926,99445.0,22.0121517200809,296.836859286457,0.0033213574349555,94.375,7.0,13.75,
2020-01-01,-0.545833333333333,5.55555555555556,98914.5833333333,36.8131469232139,277.778078754637,0.0033355780559866,90.125,0.7,16.58333333,
2020-01-02,0.125,4.4212962962963,99609.1666666667,49.589731110257,273.762950013788,0.002994115446608,77.625,0.0,15.70833333,
2020-01-03,2.87083333333333,4.00462962962963,99535.0,32.5961103832547,303.693909718303,0.0038800229114251,82.4583333333333,0.1,9.083333333,
2020-01-04,-1.425,2.28009259259259,99655.0,39.6554186403144,271.022160378886,0.0030908250425866,89.7083333333333,1.9,5.416666667,
2020-01-05,-8.02916666666667,3.90046296296296,99887.5,56.4090010649128,239.951339564528,0.0017521136426178,79.875,0.5,8.625,
2020-01-06,-11.75,1.79398148148148,100088.75,44.9853600368734,226.657229092432,0.001437910935288,86.4166666666667,1.2,9.333333333,
2020-01-07,-7.81666666666667,2.53472222222222,100328.333333333,74.1609246108727,242.660110628929,0.0017026477221965,80.75,3.5,15.16666667,14.2
2020-01-08,-3.65416666666667,4.27083333333333,100007.083333333,41.9739704248974,267.436080482752,0.0025485740289567,86.0,2.9,14.75,
2020-01-09,-14.6083333333333,2.99768518518518,102652.916666667,85.0608457063946,196.181953689397,0.0007962763145775,65.3333333333333,0.0,11.83333333,
2020-01-10,-1.325,4.1087962962963,101463.75,20.7196698302262,300.018177824766,0.0027182155349751,73.75,0.2,10.41666667,
2020-01-11,2.92083333333333,5.01157407407407,100556.666666667,6.58468706821566,332.299300604069,0.0045823734407322,96.5,34.7,3.583333333,
2020-01-12,-7.37916666666667,6.23842592592593,100887.5,15.395183849631,270.631533818771,0.0019724604757789,87.75,22.2,2.833333333,
2020-01-13,-10.2875,1.9212962962963,102082.5,47.9040075774661,234.277648871716,0.0015097053591783,87.125,0.2,4.0,
2020-01-14,-7.33333333333333,2.12962962962963,101583.333333333,73.3589784642052,231.645722376518,0.0018712302664368,85.9583333333333,1.5,4.125,
2020-01-15,-3.77916666666667,3.22916666666667,100807.083333333,65.3013290857839,259.540300997158,0.0025871030691639,89.8333333333333,2.6,7.958333333,
2020-01-16,-5.04166666666667,4.4212962962963,100564.166666667,42.279473718866,243.543823174762,0.0023599563762902,85.7916666666667,2.8,10.16666667,
2020-01-17,-19.4666666666667,3.96990740740741,102788.75,95.9716776338439,157.445887097054,0.0005239620145489,65.6666666666667,0.0,9.875,
2020-01-18,-18.4916666666667,2.22222222222222,101820.416666667,74.8646732701932,207.27318651101,0.0007153145462645,77.4166666666667,4.9,9.791666667,
2020-01-19,-11.5791666666667,4.21296296296296,99752.5,53.4248885327555,246.278209095564,0.0012984558729366,80.625,3.6,18.875,
2020-01-20,-18.325,3.05555555555556,101432.083333333,99.9923191991089,168.786864768576,0.0006857424515938,76.0833333333333,0.0,18.58333333,17.5
2020-01-21,-16.8041666666667,3.05555555555556,101878.333333333,84.3243645512918,197.488311365846,0.0008802772995899,78.3333333333333,0.6,17.625,
2020-01-22,-3.625,5.50925925925926,101504.583333333,70.6476367302341,255.57640196911,0.0022029402057074,76.6666666666667,0.6,18.875,
2020-01-23,-1.575,4.15509259259259,101607.916666667,73.3480676322778,255.115334553893,0.0021748565168253,65.5416666666667,0.0,16.41666667,
2020-01-24,-3.275,2.46527777777778,101926.25,91.312752400823,250.171667268509,0.0023269776024733,79.2083333333333,0.0,15.375,
2020-01-25,-0.204166666666667,3.55324074074074,101051.666666667,60.8442542434209,269.299561285921,0.0028927068305805,77.75,9.0,14.91666667,
2020-01-26,0.754166666666667,3.80787037037037,99314.5833333333,35.3456400289719,307.049455906828,0.0038948330530408,96.0833333333333,6.0,15.0,
2020-01-27,0.433333333333333,3.78472222222222,99120.8333333333,45.8855036708879,282.766572038723,0.0037035169343076,93.3333333333333,0.4,14.79166667,17.7
2020-01-28,-4.025,3.3912037037037,99980.0,56.8672560058657,248.148093612833,0.00232486691497,80.2916666666667,0.0,14.0,
2020-01-29,-13.2833333333333,2.41898148148148,101149.166666667,115.169286410191,177.591971656404,0.0010274018471335,76.375,0.0,13.79166667,
2020-01-30,-15.6041666666667,1.01851851851852,101773.333333333,112.725260058442,191.584086965426,0.0008384864474362,73.9166666666667,0.0,13.95833333,
2020-01-31,-12.075,0.601851851851852,101508.75,116.724079959852,205.076712574629,0.0012041270576119,76.5416666666667,0.0,13.91666667,
2020-02-01,-6.29583333333333,1.25,100439.583333333,91.7273640140661,246.547165087774,0.0019771850599993,83.6666666666667,0.1,13.70833333,
2020-02-02,-6.22916666666667,0.752314814814815,99102.0833333333,83.7897337868467,233.067346906771,0.0020131772771494,83.625,0.0,13.83333333,
2020-02-03,-1.7875,4.31712962962963,99498.75,60.5551171973435,251.785403221769,0.0028514368323175,84.1666666666667,0.0,14.0,
2020-02-04,-1.725,1.73611111111111,99955.8333333333,58.1056354296312,250.73519410933,0.0026041543497895,77.75,0.0,14.0,
2020-02-05,-8.80416666666667,3.25231481481481,100827.083333333,115.218385153864,207.25397536871,0.001293469462537,65.0,0.0,13.83333333,
2020-02-06,-7.95416666666667,3.32175925925926,99875.8333333333,31.1340589049765,270.721185816174,0.0018228169407972,85.125,6.3,16.91666667,
2020-02-07,-7.1125,7.15277777777778,98197.9166666667,17.7628343778874,280.80063180995,0.0020746475560292,89.7083333333333,21.3,35.625,
2020-02-08,-16.0875,4.91898148148148,100770.416666667,119.615450420626,186.999027669655,0.0008000030654619,72.0833333333333,0.2,43.0,
2020-02-09,-20.125,1.15740740740741,102143.75,137.13824649611,177.412667661598,0.0006759553504821,73.4166666666667,0.0,41.91666667,
2020-02-10,-3.875,2.69675925925926,100754.166666667,42.2740183029023,272.892044896155,0.0026782226850293,92.875,8.3,46.45833333,
2020-02-11,-3.775,2.32638888888889,100373.75,64.6630454180282,262.908654613883,0.0026197402379915,90.4583333333333,0.0,47.29166667,
2020-02-12,-3.14166666666667,5.08101851851852,100380.0,110.27577829073,253.937051159449,0.0022565152886329,75.1666666666667,0.0,46.20833333,49.9
2020-02-13,-7.10833333333333,4.50231481481481,99817.5,65.7977719384829,266.129722806303,0.0019833445429106,80.75,2.4,48.04166667,
2020-02-14,-24.0208333333333,2.63888888888889,101882.083333333,150.416728951816,146.559573126648,0.0003544346982977,65.875,0.0,48.08333333,
2020-02-15,-14.4791666666667,3.77314814814815,101851.25,138.671218381917,186.87095338765,0.0008310307686954,63.2916666666667,0.0,46.58333333,
2020-02-16,-1.9375,6.88657407407408,100459.166666667,98.1647548512612,269.80545469984,0.002491414403521,74.875,0.4,41.75,
2020-02-17,-11.6416666666667,3.31018518518519,101581.666666667,146.636125688955,205.339264852738,0.0011175842183032,64.9583333333333,0.2,38.66666667,48.0
2020-02-18,-7.77916666666667,6.16898148148148,101034.583333333,48.0840363042689,255.557190826809,0.0020102895431874,76.0833333333333,3.7,37.70833333,
2020-02-19,-5.6,7.93981481481482,100908.75,135.239761740734,226.253795104117,0.0016418627014516,59.5416666666667,0.0,34.25,
2020-02-20,-20.0208333333333,1.64351851851852,102064.166666667,161.447580030467,161.192059845693,0.0005118075698688,66.2916666666667,0.0,33.91666667,
2020-02-21,-13.8666666666667,4.53703703703704,101604.166666667,160.138280199173,180.089420155498,0.0009524080692003,66.7083333333333,0.0,33.83333333,
2020-02-22,-2.53333333333333,6.65509259259259,100715.0,130.368075285128,239.157279016098,0.0021273244153272,67.25,0.0,34.0,
2020-02-23,-0.604166666666667,4.22453703703704,100650.416666667,163.438806857226,230.806835829387,0.0026229976807001,72.7083333333333,0.0,33.08333333,
2020-02-24,2.8125,4.74537037037037,100226.666666667,164.682641696956,252.720345480404,0.0028620770390846,62.4583333333333,0.1,30.45833333,39.9
2020-02-25,-0.5,2.53472222222222,100504.583333333,120.062794529652,259.87969784447,0.0027610333184717,76.4583333333333,0.0,28.08333333,
2020-02-26,-0.983333333333333,4.50231481481482,100659.166666667,139.991429045138,267.794688472365,0.0024917263396371,70.0,0.0,28.0,
2020-02-27,0.0041666666666667,7.56944444444445,98595.0,31.8050750685147,294.171586851248,0.0031476542372652,80.6666666666667,15.6,27.91666667,
2020-02-28,-9.51666666666667,6.52777777777778,99130.8333333333,146.357899474805,223.577042610218,0.0013857705594952,74.125,0.0,28.54166667,
2020-02-29,-11.8666666666667,3.72685185185185,99941.6666666667,138.67667379788,214.733513437788,0.0012344927147266,80.1666666666667,0.0,28.45833333,
2020-03-01,-11.325,3.13657407407407,100802.083333333,174.895180381048,191.808216958934,0.0011635239383853,73.5833333333333,0.0,28.95833333,
2020-03-02,-3.1,4.375,99933.3333333333,64.3029879644224,285.539380244127,0.0026986186560462,80.6666666666667,14.0,28.54166667,
2020-03-03,2.6,2.68518518518518,99228.3333333333,136.679991555157,306.184954503296,0.0038919279480792,84.5833333333333,2.7,26.0,
2020-03-04,1.65833333333333,8.4375,98707.5,127.678555215011,279.346988709196,0.0034417246585526,78.8333333333333,2.9,21.75,
2020-03-05,-0.970833333333333,3.47222222222222,100587.916666667,192.117928578527,221.777598948051,0.0025070741357244,70.8333333333333,0.0,20.45833333,25.6
2020-03-06,-2.175,4.46759259259259,101002.5,99.6104400816482,262.614083765272,0.0024991899742568,77.375,0.5,21.45833333,
2020-03-07,-7.05,3.99305555555555,101629.583333333,205.576439761036,189.970351012166,0.0012525986151967,57.0,0.0,21.625,
2020-03-08,-0.182608695652174,4.20289855072464,101418.695652174,198.034445787185,256.999321590015,0.0024546718014465,65.3478260869565,0.0,21.30434783,
2020-03-09,1.47083333333333,3.21759259259259,101035.833333333,127.449427744535,285.270424251916,0.0029473495449756,70.7083333333333,1.1,19.91666667,
2020-03-10,2.1625,2.63888888888889,100241.25,39.5517657370037,325.927605074331,0.0042342536355237,93.9166666666667,17.3,17.79166667,
2020-03-11,-3.77916666666667,3.91203703703704,101145.0,137.187345239784,257.696031336289,0.0018569895839431,63.9166666666667,0.0,16.04166667,
2020-03-12,-1.8625,2.36111111111111,101215.0,194.780171568825,234.655468003631,0.0021653660224597,66.4583333333333,0.0,16.0,
2020-03-13,3.87916666666667,8.69212962962963,99752.0833333333,54.2595671752053,301.222076075611,0.0037895752283357,74.875,14.1,12.08333333,
2020-03-14,1.25,8.46064814814815,100944.583333333,138.458457159331,260.462435827592,0.0024991651380829,60.4583333333333,0.0,7.666666667,
2020-03-15,-6.54583333333333,4.20138888888889,102538.333333333,205.309124378813,198.320794198877,0.0014673339810194,64.5,0.0,6.791666667,
2020-03-16,-6.3625,2.32638888888889,102498.333333333,221.637184358241,196.149935118896,0.0012637501328448,54.4583333333333,0.0,6.0,
2020-03-17,0.925,6.27314814814815,100695.0,69.3983464745412,283.791166294761,0.0032305493892231,79.4583333333333,4.2,5.833333333,
2020-03-18,-1.41666666666667,2.29166666666667,101959.166666667,214.828825235513,231.107810392098,0.0019700770071865,58.6666666666667,0.0,4.666666667,
2020-03-19,2.6375,2.77777777777778,101632.5,148.398225045238,294.145971994847,0.0031130417188535,67.0416666666667,0.0,2.75,
2020-03-20,6.17557364310669,6.38393714147555,99545.7736907767,47.9203738253572,335.520368796489,0.0052307119726807,85.3804055631561,6.14226060755916,1.583333333,
2020-03-21,-4.79166666666667,5.76388888888889,101873.333333333,233.404516591995,213.055740343526,0.0014971232456621,55.75,0.0,1.0,
2020-03-22,-6.7875,2.17592592592593,103047.916666667,243.09333534357,179.974153301693,0.0012190351430878,55.7916666666667,0.0,1.0,
2020-03-23,-1.91666666666667,4.31712962962963,102018.333333333,123.712467809384,258.887122158933,0.0021709941804323,65.2916666666667,1.2,0.958333333,0.0
2020-03-24,0.708333333333333,1.90972222222222,101132.5,153.433573979756,279.18049214259,0.003338546361869,84.9166666666667,0.0,1.0,
2020-03-25,2.14166666666667,3.28703703703704,101085.416666667,209.482517591062,249.563314428986,0.0030074163363518,71.125,0.0,0.958333333,
2020-03-26,5.44166666666667,3.72685185185185,100178.75,139.713202830988,301.497435781921,0.0039026276910661,69.5416666666667,3.9,1.0,
2020-03-27,3.37083333333333,4.46759259259259,100163.333333333,221.162563169397,259.303363575449,0.0034354883928934,71.9583333333333,0.0,0.833333333,
2020-03-28,2.3125,1.46990740740741,101088.333333333,219.662323779373,240.796629825759,0.0025824139070291,62.125,0.0,0.458333333,
2020-03-29,4.35,4.89583333333333,100698.333333333,48.618667068714,313.427555150666,0.0034755280730379,67.875,33.3,0.833333333,
2020-03-30,4.39166666666667,4.9537037037037,100399.166666667,57.2655013712176,320.586907514732,0.0043116864144536,83.0416666666667,8.2,1.041666667,
2020-03-31,2.975,5.83333333333333,101005.833333333,257.244684353472,250.331760121015,0.0027835893870916,61.1666666666667,0.0,0.708333333,
2020-04-01,1.65416666666667,4.91898148148148,100445.833333333,139.27676955389,264.772135417053,0.0034134212276105,80.1666666666667,0.0,0.0,
2020-04-02,2.22916666666667,4.36342592592593,100002.5,59.2949161097231,300.267922674675,0.0041627183443013,92.1666666666667,17.9,0.0,
2020-04-03,6.475,7.93981481481482,100272.083333333,120.45558447904,317.820503023429,0.0047659315264449,79.7083333333333,7.5,0.0,
2020-04-04,5.4,2.88194444444445,100752.916666667,218.293014372478,274.320073140509,0.0043011892499428,77.8333333333333,0.0,0.0,
2020-04-05,5.47916666666667,2.7662037037037,100529.166666667,73.3753447120964,303.412146297892,0.0049768365513786,88.0833333333333,1.8,0.0,
2020-04-06,4.67916666666667,4.31712962962963,100451.25,248.772423361807,244.100946301483,0.0031683198838522,63.5416666666667,0.0,0.0,
2020-04-07,4.07083333333333,2.60416666666667,100058.333333333,224.724949793709,245.11913684342,0.0028298624816934,57.7083333333333,0.1,0.0,
2020-04-08,3.49166666666667,3.0787037037037,99433.75,265.771499504773,242.551247489225,0.0028178379397592,58.6666666666667,0.0,0.0,
2020-04-09,2.88333333333333,3.31018518518519,98217.9166666667,65.6941190351722,308.746440143391,0.0034943047877037,74.4583333333333,16.6,0.0,
2020-04-10,2.08333333333333,5.33564814814815,97929.1666666667,148.3436708856,295.657248522503,0.0038395687172479,85.7083333333333,4.6,0.0,
2020-04-11,2.09583333333333,6.22685185185185,99566.25,203.263343392416,250.760808965731,0.0029194197942442,66.3333333333333,0.0,0.0,
2020-04-12,6.05833333333333,4.86111111111111,100633.75,217.005536205039,270.426614967563,0.0035401648024684,62.0416666666667,0.0,0.0,
2020-04-13,11.5041666666667,7.73148148148148,99175.0,42.001247504716,354.180791684584,0.0069863289060733,78.7083333333333,21.3,0.0,
2020-04-14,4.325,9.56018518518518,100205.833333333,203.154235073142,263.145592035592,0.0029454918447877,56.8333333333333,0.0,0.0,
2020-04-15,1.73333333333333,6.45833333333333,100110.416666667,270.283128506774,248.564335029349,0.002610404692206,61.0,0.0,0.0,
2020-04-16,0.470833333333333,4.81481481481482,100442.083333333,241.587640537582,233.995885451306,0.0026558240962,68.625,0.0,0.0,
2020-04-17,0.445833333333333,5.30092592592593,100645.416666667,230.142177845688,235.910595967277,0.0025801535551971,67.0416666666667,0.0,0.0,
2020-04-18,2.28333333333333,2.21064814814815,100096.666666667,231.740614723059,244.171387156585,0.002504182618078,58.9583333333333,0.0,0.0,
2020-04-19,5.5,5.70601851851852,99309.5833333333,139.991429045138,284.937431118704,0.0040940610833886,71.4166666666667,1.6,0.0,
2020-04-20,-0.0916666666666667,3.59953703703704,99776.25,313.184519645504,226.990222225645,0.0021384537176972,56.8333333333333,0.0,0.0,
2020-04-21,2.40416666666667,5.61342592592593,98716.6666666667,146.936173566959,253.091760898218,0.0031389696104951,67.8333333333333,2.4,0.0,
2020-04-22,-1.94166666666667,8.36805555555556,99291.25,194.229174556488,240.060202704232,0.002021641706842,60.5,0.1,0.0,
2020-04-23,0.1875,6.08796296296296,100373.75,318.536282705918,207.478105362218,0.001501798360298,39.9583333333333,0.0,0.0,
2020-04-24,2.42083333333333,2.4537037037037,100319.583333333,313.239073805141,229.045814451822,0.0020806356382561,50.6666666666667,0.0,0.0,
2020-04-25,4.37916666666667,1.46990740740741,100785.833333333,317.63068365594,234.008692879506,0.0023523180923582,52.7916666666667,0.0,0.0,
2020-04-26,7.2,4.50231481481481,100999.166666667,222.417308841054,281.33854379437,0.0027285542773257,47.5,0.0,0.0,
2020-04-27,6.55,6.64351851851852,100967.916666667,183.269243885366,296.239986505625,0.0027347208052516,45.7916666666667,0.0,0.0,
2020-04-28,6.89583333333333,3.7037037037037,101097.916666667,203.69432125355,289.003789572356,0.0028253737464997,46.7916666666667,0.0,0.0,
2020-04-29,10.8166666666667,4.13194444444444,101305.833333333,286.294774360305,277.714041613635,0.003002061236844,43.0,0.0,0.0,
2020-04-30,9.61666666666667,6.11111111111111,100842.083333333,88.5304902593234,335.084916237673,0.0046642909366674,63.9583333333333,9.5,0.0,
2020-05-01,10.725,6.12268518518519,99762.9166666667,86.8611329744237,341.949697753128,0.0066537755270106,80.625,5.0,0.0,
2020-05-02,9.6625,3.29861111111111,100160.833333333,300.129709244311,276.042672233473,0.0046704493544769,64.7916666666667,0.0,0.0,
2020-05-03,13.9666666666667,5.16203703703704,99396.6666666667,199.406364306063,331.998326041358,0.0065841413726233,67.125,1.6,0.0,
2020-05-04,8.21666666666667,4.82638888888889,99569.1666666667,100.472395803917,313.850200281282,0.0050886570572994,74.3333333333333,0.0,0.0,
2020-05-05,5.2125,4.44444444444444,100242.916666667,128.065889748436,309.662171259725,0.0038958619051635,72.1666666666667,0.9,0.0,
2020-05-06,8.1625,2.15277777777778,100231.25,263.322017737061,276.362857938485,0.0035033354410604,54.9166666666667,0.0,0.0,
2020-05-07,7.02916666666667,2.99768518518518,99570.8333333333,323.424335409415,263.504200025206,0.0031166342389222,55.3333333333333,0.8,0.0,
2020-05-08,2.58333333333333,3.1712962962963,99647.9166666667,311.635181511806,248.660390740852,0.0029724635949513,66.125,1.1,0.0,
2020-05-09,2.3375,6.78240740740741,99389.5833333333,242.585981658944,270.401000111162,0.0023610074267026,52.75,0.0,0.0,
2020-05-10,4.87083333333333,7.19907407407407,99915.4166666667,199.515472625338,265.963226239697,0.002508993709918,46.9166666666667,0.0,0.0,
2020-05-11,6.32916666666667,2.91666666666667,100015.0,249.42161786149,282.235063768403,0.0031187331339252,54.3333333333333,0.0,0.0,
2020-05-12,4.35416666666667,5.87962962962963,100324.583333333,307.156285005588,255.480346257607,0.0017564293372676,35.2083333333333,0.0,0.0,
2020-05-13,5.56666666666667,4.54861111111111,101087.5,315.546714757797,243.940853448977,0.0019211386623591,38.0416666666667,0.0,0.0,
2020-05-14,9.2625,2.34953703703704,101121.25,333.1567974887,263.171206891993,0.0024851817803389,40.1666666666667,0.0,0.0,
2020-05-15,11.3875,3.50694444444444,100207.083333333,56.8890776697206,346.163341631085,0.0059182848166104,71.0,7.0,0.0,
2020-05-16,11.5708333333333,2.28009259259259,100819.166666667,191.965176931543,326.138927639639,0.0062452877957112,76.2083333333333,0.0,0.0,
2020-05-17,12.7666666666667,2.21064814814815,101456.666666667,288.171437451827,305.269223386961,0.00506995642984,60.5833333333333,0.0,0.0,
2020-05-18,12.8958333333333,4.87268518518519,101547.083333333,344.689546836014,283.189217169339,0.0026032123975778,29.875,0.0,0.0,
2020-05-19,13.4833333333333,4.53703703703704,101901.25,325.813807601527,278.514505876165,0.0037214680761413,42.5,0.0,0.0,
2020-05-20,15.1458333333333,1.81712962962963,101910.833333333,346.260706633567,286.295018507955,0.0041507504034057,42.25,0.0,0.0,
2020-05-21,17.5,4.75694444444444,101360.0,343.80576944989,296.336042217129,0.004564404942675,41.7916666666667,0.0,0.0,
2020-05-22,20.4166666666667,4.29398148148148,100617.916666667,343.974887344766,313.158599158456,0.0046280230200753,32.75,0.0,0.0,
2020-05-23,16.8041666666667,5.50925925925926,101071.666666667,348.950226703683,300.370382100279,0.0035334505798445,30.0416666666667,0.0,0.0,
2020-05-24,16.625,2.55787037037037,101197.916666667,323.058822539846,308.003609307764,0.0051112192432422,46.75,0.0,0.0,
2020-05-25,18.8583333333333,4.39814814814815,100941.25,207.534934092013,361.769192893367,0.0068494980737719,50.9166666666667,0.0,0.0,
2020-05-26,23.8125,3.13657407407407,100924.583333333,318.989082230907,380.314348927658,0.0114473097358851,64.8333333333333,0.0,0.0,
2020-05-27,27.3,3.64583333333333,100820.833333333,305.306898993886,396.976813016479,0.0124945824083159,58.2083333333333,0.0,0.0,
2020-05-28,26.1375,5.54398148148148,100619.166666667,282.901505630869,396.855142448574,0.0120244992499462,57.6666666666667,0.0,0.0,
2020-05-29,25.0875,6.68981481481481,99874.1666666667,249.263410798542,403.815979675533,0.0137831322103715,70.0,0.4,0.0,
2020-05-30,17.2625,5.78703703703704,99802.9166666667,165.784635721628,371.77179431794,0.0087908989018207,72.0833333333333,8.1,0.0,
2020-05-31,8.06666666666667,5.01157407407407,100811.666666667,218.151173557421,304.513585123134,0.0042149105466685,64.0,0.3,0.0,
2020-06-01,8.16121104330852,3.1722590369111,100934.932386209,297.543842077506,279.19970328489,0.0045323676127257,70.6569528566327,0.513426254879763,0.0,
2020-06-02,10.2041666666667,1.45833333333333,100412.916666667,273.070846064237,303.789965429807,0.00495206870023,68.2083333333333,0.1,0.0,
2020-06-03,12.4958333333333,1.89814814814815,99334.1666666667,62.2462961460982,350.870071494761,0.0077781013724182,85.4166666666667,0.0,0.0,
2020-06-04,17.2291666666667,4.69907407407407,99680.4166666667,270.392236826048,332.267282033568,0.0079844647999288,68.9166666666667,0.0,0.0,
2020-06-05,20.8833333333333,3.72685185185185,99867.0833333333,323.097010451592,353.245849425949,0.0080818841042771,55.7916666666667,0.0,0.0,
2020-06-06,18.0791666666667,3.54166666666667,99772.0833333333,227.769071901467,368.243347848708,0.0100625020489049,77.5416666666667,9.0,0.0,
2020-06-07,14.475,3.15972222222222,100387.083333333,254.364224724625,321.227278924756,0.0060475086391593,63.5833333333333,0.0,0.0,
2020-06-08,15.0625,2.52314814814815,100506.666666667,350.592306908764,304.507181409033,0.005763496269391,58.5416666666667,0.0,0.0,
2020-06-09,16.5916666666667,1.96759259259259,100413.75,204.343515753234,345.849559640174,0.0065862281527489,57.625,0.0,0.0,
2020-06-10,18.4833333333333,5.71759259259259,100398.75,195.533018971819,351.311927767677,0.0082895389114639,64.8333333333333,0.0,0.0,
2020-06-11,21.3122061634951,7.5,99975.4166666667,212.553916778639,372.32891744466,0.0108661178653532,68.7083333333333,9.5,0.0,
2020-06-12,16.7041666666667,6.52777777777777,100532.5,307.947320320328,326.081294212737,0.0068677374737878,59.5833333333333,0.0,0.0,
2020-06-13,11.0583333333333,2.58101851851852,101388.75,158.01066797332,322.655307169109,0.0048150521310271,60.7083333333333,0.0,0.0,
2020-06-14,13.5833333333333,2.30324074074074,102087.083333333,323.735294119348,304.737715116642,0.0052334783146848,61.0833333333333,0.0,0.0,
2020-06-15,14.8333333333333,1.30787037037037,102103.75,356.402324910131,301.715162061329,0.0054711212268032,60.25,0.0,0.0,
2020-06-16,17.9291666666667,2.10648148148148,101825.0,355.109391326728,318.614563571859,0.0063272507488482,56.4166666666667,0.0,0.0,
2020-06-17,20.3958333333333,3.06712962962963,101335.833333333,357.08970732156,329.744218678074,0.0074671785532612,56.5,0.0,0.0,
2020-06-18,23.5416666666667,3.26388888888889,100931.25,352.245297945772,350.517867219248,0.0089773556623754,54.25,0.0,0.0,
2020-06-19,25.3125,3.49537037037037,100637.5,332.654899220037,366.885760459457,0.0107762077144834,55.5,0.0,0.0,
2020-06-20,25.5291666666667,2.68518518518519,100521.666666667,310.865967860921,383.817180540488,0.0114759859397076,60.125,0.0,0.0,
2020-06-21,24.7291666666667,1.89814814814815,100404.583333333,301.313534508439,396.118715327047,0.012215822620265,66.25,0.0,0.0,
2020-06-22,26.2583333333333,2.61574074074074,100205.416666667,307.058087518241,397.732451280307,0.0132904186718972,65.25,1.5,0.0,
2020-06-23,25.3708333333333,2.56944444444444,99613.3333333333,289.000660678313,400.966326900927,0.0143771884582376,72.0833333333333,7.7,0.0,
2020-06-24,21.0458333333333,4.47916666666667,99331.6666666667,189.406586844556,386.417088465185,0.0118311643534214,75.2083333333333,25.0,0.0,
2020-06-25,18.4791666666667,4.84953703703704,100014.583333333,214.965210634606,345.548585077462,0.0086529946482393,65.6666666666667,0.0,0.0,
2020-06-26,19.525,4.14351851851852,100090.0,283.763461353137,346.131323060584,0.0087548137950349,63.5,0.0,0.0,
2020-06-27,20.2375,2.32638888888889,99684.5833333333,240.07649031563,371.887061171744,0.01062368026705,71.875,0.0,0.0,
2020-06-28,20.0625,1.78240740740741,99672.9166666667,217.354682826717,379.03360610761,0.0130003517382758,88.0833333333333,5.0,0.0,
2020-06-29,19.2041666666667,4.29398148148148,100334.583333333,135.818035832889,384.860985938827,0.0118807545342852,86.0416666666667,0.3,0.0,
2020-06-30,18.9958333333333,4.60648148148148,100596.666666667,149.156527864195,381.857644025815,0.0114245963870656,83.625,0.0,0.0,
2020-07-01,21.7875,1.97916666666667,100247.916666667,298.656746934105,375.383489070474,0.0123284105525001,77.2083333333333,0.0,0.0,
2020-07-02,23.2916666666667,2.65046296296296,99850.8333333333,261.16712843139,386.084095331973,0.0138812083742323,78.125,0.0,0.0,
2020-07-03,21.6916666666667,1.94444444444444,100185.0,281.073941283021,364.676479094875,0.010732967153176,69.3333333333333,0.0,0.0,
2020-07-04,20.3958333333333,1.50462962962963,100295.416666667,348.530159674476,339.509882680937,0.0090003887315454,65.7916666666667,0.0,0.0,
2020-07-05,18.775,1.9212962962963,100384.583333333,258.024808836284,362.063763741978,0.0096124637135089,72.875,0.0,0.0,
2020-07-06,18.8916666666667,1.2962962962963,100851.25,298.083928257914,346.496334764298,0.008899330300261,69.4166666666667,0.0,0.0,
2020-07-07,22.9291666666667,2.43055555555555,100641.25,318.443540634535,365.822743918818,0.0109187819211566,64.125,0.0,0.0,
2020-07-08,22.6666666666667,2.84722222222222,100270.833333333,242.138637549918,399.474261515572,0.0152225924585689,88.625,21.3,0.0,
2020-07-09,24.875,2.26851851851852,100411.666666667,293.037668491469,396.964005588278,0.0156618970937125,81.0,0.0,0.0,
2020-07-10,26.6791666666667,1.9212962962963,100357.5,293.910535045665,402.772174277195,0.0162415055702387,75.75,0.0,0.0,
2020-07-11,23.4083333333333,3.54166666666667,99374.5833333333,140.962493086681,411.365958599715,0.0160115325041113,87.875,22.4,0.0,
2020-07-12,22.975,3.19444444444444,99065.8333333333,166.2701677424,406.633613879639,0.015035829896418,85.25,11.1,0.0,
2020-07-13,21.0541666666667,1.52777777777778,99847.5,263.551145207537,373.475182268603,0.0121647264699849,79.375,2.8,0.0,
2020-07-14,19.6083333333333,4.21296296296296,100600.0,243.180621998989,365.3296579331,0.0107861666903597,77.2916666666667,0.0,0.0,
2020-07-15,18.8,2.68518518518519,101317.5,268.957462427588,354.87879652151,0.009781967953663,74.625,0.0,0.0,
2020-07-16,21.3916666666667,3.41435185185185,101238.333333333,207.12032247877,379.859685226541,0.0119037333532544,75.9583333333333,0.0,0.0,
2020-07-17,20.2833333333333,3.51851851851852,100590.833333333,99.3704017792443,392.904050848727,0.0127238246425495,85.7916666666667,24.9,0.0,
2020-07-18,23.6541666666667,3.32175925925926,100467.5,267.871834650807,382.401959724336,0.0140383168962729,77.9583333333333,0.0,0.0,
2020-07-19,24.675,3.76157407407407,99837.5,181.550787856792,414.45254879603,0.0154145524159005,79.4166666666667,2.5,0.0,
2020-07-20,24.2416666666667,4.57175925925926,99710.8333333333,232.755322092312,403.655886823028,0.0145975543619407,77.625,0.7,0.0,
2020-07-21,19.7541666666667,2.08333333333333,100643.75,229.247489627637,366.219774193033,0.0100424758720153,71.2916666666667,0.0,0.0,
2020-07-22,19.7041666666667,1.31944444444444,100736.666666667,234.855657238346,373.974671968422,0.0106608162909743,76.7916666666667,0.2,0.0,
2020-07-23,20.1708333333333,2.04861111111111,100572.083333333,174.153243809982,392.250872010503,0.0121951199623779,83.75,0.2,0.0,
2020-07-24,20.4958333333333,1.34259259259259,100924.166666667,327.564996125882,346.112111918283,0.010823508491834,75.5416666666667,0.0,0.0,
2020-07-25,21.4833333333333,2.82407407407407,100669.583333333,280.124698905333,368.966967542035,0.0111742647466237,72.2916666666667,0.0,0.0,
2020-07-26,24.1291666666667,4.39814814814815,99944.5833333333,185.053164905504,412.198441432746,0.0141646863772907,74.5,3.1,0.0,
2020-07-27,24.0125,2.43055555555556,99451.25,77.7724099788585,423.30888539666,0.0177895168238806,94.125,8.3,0.0,
2020-07-28,24.3125,4.59490740740741,99505.4166666667,265.247779572256,389.907112649815,0.0147894162991619,78.4166666666667,0.1,0.0,
2020-07-29,20.45,2.48842592592593,100021.25,272.388919068771,366.744878749252,0.0127666902179151,84.9166666666667,24.7,0.0,
2020-07-30,20.475,2.02546296296296,99977.0833333333,211.899266862992,380.487249208364,0.0127679397658415,85.625,12.7,0.0,
2020-07-31,19.8958333333333,1.15740740740741,100136.666666667,263.158355258149,365.092720511391,0.0115058576544406,81.4166666666667,0.0,0.0,
2020-08-01,21.0833333333333,1.08796296296296,100399.583333333,274.936598323831,366.469519042942,0.0123394398916048,81.0833333333333,0.0,0.0,
2020-08-02,21.1583333333333,2.52314814814815,100147.916666667,144.737640933578,385.956021049968,0.0133132902732303,85.2916666666667,9.7,0.0,
2020-08-03,21.5666666666667,4.74537037037037,100054.166666667,143.390153190538,391.066184901958,0.0137236749728106,85.125,35.1,0.0,
2020-08-04,18.6375,3.04398148148148,100431.25,43.6978818694344,385.238805070741,0.0126391440458215,94.0,48.3,0.0,
2020-08-05,20.175,5.94907407407407,100040.416666667,181.234373730896,383.59305054698,0.0119295039713588,81.4166666666667,9.4,0.0,
2020-08-06,18.2625,4.35185185185185,100803.333333333,218.358479364042,342.500417165749,0.0097140923483782,75.7916666666667,0.0,0.0,
2020-08-07,18.7583333333333,1.48148148148148,101162.916666667,296.725529682947,338.357214142894,0.0100855331852658,78.0416666666667,0.0,0.0,
2020-08-08,19.775,1.41203703703704,101045.833333333,293.119499730925,349.160279829997,0.0109605407936312,79.1666666666667,0.0,0.0,
2020-08-09,19.9291666666667,2.47685185185185,100742.5,128.513233857461,385.379686780946,0.0121707913400915,84.6666666666667,0.0,0.0,
2020-08-10,21.3625,1.75925925925926,100505.833333333,189.139271462333,402.426373715782,0.0135090177096677,85.9166666666667,0.0,0.0,
2020-08-11,24.6416666666667,2.98611111111111,100091.666666667,269.279331969448,400.979134329128,0.0153699576029029,80.5,4.3,0.0,
2020-08-12,22.8,2.75462962962963,100549.583333333,282.475983185698,370.151654650579,0.0136292989125238,80.9166666666667,0.0,0.0,
2020-08-13,20.75,1.2037037037037,101012.083333333,247.381292291057,361.85244117667,0.0117252671225007,79.5416666666667,0.0,0.0,
2020-08-14,20.1833333333333,2.59259259259259,101091.25,293.599576335733,337.140508463849,0.0101295378791718,71.0,0.0,0.0,
2020-08-15,20.0375,2.5,100933.333333333,251.903832124985,352.631092872326,0.0108737372855068,76.5416666666667,0.0,0.0,
2020-08-16,20.5,2.30324074074074,100699.583333333,258.270302554652,352.285292310913,0.0108749071103125,75.125,0.0,0.0,
2020-08-17,18.5958333333333,2.09490740740741,100141.666666667,176.177203132524,368.057640139801,0.0115521931809619,86.5416666666667,1.6,0.0,
2020-08-18,17.2541666666667,2.59259259259259,99878.3333333333,191.414179919206,355.544782787935,0.0107054234191202,87.375,1.7,0.0,
2020-08-19,14.4375,2.33796296296296,100360.0,223.410194546451,323.980875987859,0.0080675533208696,80.8333333333333,0.0,0.0,
2020-08-20,14.2791666666667,2.07175925925926,100627.916666667,210.055336267254,338.722225846608,0.0080229904905918,80.875,1.0,0.0,
2020-08-21,17.3,2.5462962962963,100120.0,107.395318661883,374.794347373252,0.0105312814131043,86.25,6.5,0.0,
2020-08-22,17.5875,1.41203703703704,100378.75,159.707302338039,360.872672919334,0.0097371354263889,80.0416666666667,0.0,0.0,
2020-08-23,19.2291666666667,1.99074074074074,100594.583333333,189.630258899068,376.997225023734,0.0119931969914676,86.0833333333333,0.0,0.0,
2020-08-24,20.2333333333333,1.40046296296296,100402.916666667,136.499962828354,388.594351259266,0.0138186263862613,93.3333333333333,4.9,0.0,
2020-08-25,20.225,5.03472222222222,99636.6666666667,189.772099714125,376.260797902207,0.0117821167924727,78.5416666666667,5.7,0.0,
2020-08-26,12.3916666666667,3.94675925925926,100216.666666667,234.801103078708,301.72796948953,0.0060324835678524,69.5833333333333,0.0,0.0,
2020-08-27,11.3708333333333,1.81712962962963,99800.4166666667,227.681785246048,305.013074822952,0.0062387006469958,76.5416666666667,0.0,0.0,
2020-08-28,13.8375,1.72453703703704,99911.6666666667,214.708806084311,329.027002698847,0.0076999576816139,80.0,0.0,0.0,
2020-08-29,13.9166666666667,2.37268518518519,99044.1666666667,29.8629469854287,375.953419625395,0.009582700958826,95.1666666666667,50.3,0.0,
2020-08-30,14.1625,4.49074074074074,99305.0,127.007539051473,349.621347245214,0.0083079011712595,82.4583333333333,3.2,0.0,
2020-08-31,13.2708333333333,1.28472222222222,100815.0,229.923961207139,306.537158778809,0.0070846971952218,78.5833333333333,0.0,0.0,
2020-09-01,15.8875,2.41898148148148,100878.75,69.3601585627951,365.105527939591,0.0096167024437339,84.7083333333333,0.0,0.0,
2020-09-02,18.9,4.40972222222222,99912.5,123.554260746436,397.02163901518,0.0112776751384665,82.5,10.5,0.0,
2020-09-03,17.8083333333333,2.87037037037037,99765.4166666667,184.518534141059,353.52761284636,0.0108785884848259,86.0,0.0,0.0,
2020-09-04,17.375,5.42824074074074,99870.4166666667,204.419891576726,337.940972726379,0.0085503894211153,69.9166666666667,0.0,0.0,
2020-09-05,14.2041666666667,4.00462962962963,100766.25,224.621296890398,305.634235090675,0.0076305001182837,78.375,0.3,0.0,
2020-09-06,13.1666666666667,2.4537037037037,101112.083333333,202.423209334003,316.341245066274,0.0075522131887599,82.5833333333333,0.0,0.0,
2020-09-07,18.6,5.33564814814815,100329.583333333,140.30238775507,354.686685098503,0.008890977019396,67.625,0.0,0.0,
2020-09-08,18.2833333333333,2.36111111111111,101041.666666667,163.25332271446,379.930126081644,0.009886472105417,76.9583333333333,2.8,0.0,
2020-09-09,13.9,3.18287037037037,101637.916666667,146.93617356696,370.638336922197,0.0084569714880629,86.8333333333333,0.0,0.0,
2020-09-10,12.2916666666667,2.06018518518519,101449.166666667,53.7958568182887,369.748220662264,0.0081563137228946,92.4583333333333,0.2,0.0,
2020-09-11,11.3208333333333,2.33796296296296,101665.416666667,159.740034833821,324.570017685081,0.0062454982305664,77.9583333333333,0.0,0.0,
2020-09-12,11.4458333333333,1.71296296296296,101623.333333333,226.994402834618,297.027643339955,0.0064471622074937,80.0833333333333,0.0,0.0,
2020-09-13,15.475,4.0625,100452.5,78.1761107601741,358.420050418942,0.0091699616862144,83.1666666666667,11.8,0.0,
2020-09-14,12.7458333333333,3.84259259259259,101021.25,125.365458846392,327.963986158207,0.0068452166490455,74.1666666666667,0.1,0.0,
2020-09-15,7.59166666666667,1.21527777777778,101628.75,216.307242961682,286.98021591668,0.0053287603323135,84.1666666666667,0.0,0.0,
2020-09-16,15.7666666666667,5.96064814814815,100414.166666667,203.748875413188,331.991922327257,0.0067723779248497,61.7083333333333,0.0,0.0,
2020-09-17,11.5,2.60416666666667,100748.333333333,170.618134265488,325.62663051162,0.0061756047503351,73.5,0.3,0.0,
2020-09-18,5.77916666666667,1.84027777777778,101174.166666667,187.873614958749,271.931487781119,0.0041142750033781,76.6666666666667,0.0,0.0,
2020-09-19,5.05416666666667,1.63194444444444,101810.0,177.464681299963,264.355894000537,0.0036291014585204,73.75,0.0,0.0,
2020-09-20,5.86666666666667,1.45833333333333,102498.333333333,220.824327379646,258.118676466905,0.0038731661106297,74.0833333333333,0.0,0.0,
2020-09-21,5.87083333333333,0.706018518518518,102534.583333333,217.987511078509,263.107169750991,0.0038163127168119,74.0,0.0,0.0,
2020-09-22,7.59166666666667,1.38888888888889,101135.0,205.854665975186,281.197662084165,0.0048222583123229,77.1666666666667,0.0,0.0,
2020-09-23,12.775,2.58101851851852,99827.5,147.208944365146,326.728069336861,0.0074362339867928,80.375,0.0,0.0,
2020-09-24,12.9666666666667,1.875,100272.916666667,139.729569078879,324.832569963191,0.0076147107074995,82.2083333333333,0.2,0.0,
2020-09-25,8.53333333333333,1.15740740740741,100954.166666667,169.276101938412,303.040730880079,0.0052881354147636,79.0416666666667,0.0,0.0,
2020-09-26,15.7958333333333,2.40740740740741,100573.333333333,186.804353429859,332.830808874388,0.0082424819096265,75.1666666666667,0.0,0.0,
2020-09-27,21.6166666666667,5.12731481481481,100131.666666667,138.420269247585,368.441862985815,0.0114425554580297,71.0833333333333,0.0,0.0,
2020-09-28,19.7541666666667,3.51851851851852,100033.333333333,53.2885031336623,381.319732041395,0.0123343989090264,85.5416666666667,1.4,0.0,
2020-09-29,17.1791666666667,4.14351851851852,99863.3333333333,90.8544974598702,374.121957392727,0.0108947185148577,88.9166666666667,11.1,0.0,
2020-09-30,13.1125,4.79166666666667,99005.8333333333,54.3141213348425,353.469979419458,0.0082891865586284,87.375,49.2,0.0,
2020-10-01,13.7208333333333,4.20138888888889,99825.8333333333,113.090772928012,337.479905311162,0.0072217747477352,74.2083333333333,0.0,0.0,
2020-10-02,9.30416666666667,1.46990740740741,100445.0,73.6753925901013,324.704495681186,0.0068758490864614,94.125,4.5,0.0,
2020-10-03,8.5375,1.72453703703704,101130.0,140.629712712894,313.209828871258,0.0054381542384525,81.0416666666667,0.0,0.0,
2020-10-04,8.6625,1.22685185185185,101392.916666667,148.594620019932,300.837853229597,0.0054556536825217,81.125,0.0,0.0,
2020-10-05,11.2458333333333,2.15277777777778,100966.666666667,97.6301240868161,313.741337141577,0.0063320214516342,77.5416666666667,0.0,0.0,
2020-10-06,12.8291666666667,4.36342592592593,100433.333333333,135.807125000961,317.269783610809,0.0066793979060593,74.3333333333333,0.0,0.0,
2020-10-07,12.2958333333333,4.59490740740741,98848.3333333333,54.2159238474955,343.499396565386,0.0076027863098976,84.5416666666667,18.3,0.0,
2020-10-08,6.52083333333333,6.12268518518518,100098.333333333,116.227637107153,292.922862601702,0.0041382533525775,67.625,0.0,0.0,
2020-10-09,6.025,3.98148148148148,100762.083333333,146.390631970587,282.017337488995,0.0039016836516184,69.4583333333333,0.1,0.0,
2020-10-10,15.5375,6.75925925925926,99482.0833333333,120.837463596501,347.015035606417,0.0072474336158496,64.8333333333333,9.2,0.0,
2020-10-11,5.02083333333333,3.42592592592592,101405.833333333,171.496456235648,266.923783354733,0.0035465976080326,67.0,0.0,0.0,
2020-10-12,6.51666666666667,2.82407407407407,101522.916666667,169.046974467935,252.105588926781,0.0033693078260033,60.0,0.0,0.0,
2020-10-13,7.72916666666667,3.18287037037037,100617.083333333,20.5832844311331,325.127140811802,0.0053650169445121,80.6666666666667,14.5,0.0,
2020-10-14,9.60833333333333,3.19444444444444,100157.916666667,123.0032637341,317.449087605616,0.0063026786702345,85.3333333333333,0.3,0.0,
2020-10-15,12.7416666666667,4.51388888888889,99994.5833333333,117.329631131826,322.187836039792,0.0060036866206943,66.8333333333333,2.4,0.0,
2020-10-16,9.3875,2.41898148148148,100823.333333333,29.3774149646573,342.154616604336,0.0069237275111296,94.625,6.6,0.0,
2020-10-17,7.22083333333333,2.74305555555556,101323.333333333,101.159778215346,292.628291753091,0.0048516269032835,78.9166666666667,0.1,0.0,
2020-10-18,8.725,4.07407407407407,101782.5,118.677118874866,284.482767417587,0.0039472818421032,60.9583333333333,0.0,0.0,
2020-10-19,10.65,3.0787037037037,101462.083333333,30.3212019263815,344.293457113816,0.0062464176512759,79.5,10.0,0.0,
2020-10-20,7.73333333333333,2.25694444444445,101351.25,34.4454963949574,345.836752211973,0.006144133499168,93.4166666666667,10.6,0.0,
2020-10-21,9.55833333333333,4.34027777777778,101107.916666667,20.3814340404753,341.104407491897,0.006990542957766,90.9166666666667,12.1,0.0,
2020-10-22,9.32083333333333,1.99074074074074,101486.25,84.4171066226751,324.211409695467,0.0062542702478061,87.0,0.0,0.0,
2020-10-23,15.6666666666667,4.15509259259259,100708.75,107.318942838391,354.34728825119,0.0084694060280665,75.875,0.0,0.0,
2020-10-24,11.1458333333333,5.97222222222222,100314.166666667,77.6742124915114,320.330758950723,0.0063554844544369,71.6666666666667,4.5,0.0,
2020-10-25,2.4375,2.7662037037037,101687.083333333,124.999945976823,244.152176014284,0.0027053703585796,61.625,0.0,0.0,
2020-10-26,2.625,2.67361111111111,101270.833333333,18.4556722052805,308.9833775651,0.0039529170940841,84.7083333333333,9.5,0.0,
2020-10-27,0.704166666666667,2.96296296296296,101310.0,104.520314449,268.563134164394,0.0032439091959886,81.0,0.6,0.0,
2020-10-28,1.47916666666667,2.16435185185185,100586.25,42.437680781814,286.410285361759,0.0037055632673867,86.375,0.1,0.0,
2020-10-29,3.75833333333333,3.92361111111111,100308.333333333,63.6265163849206,275.876175666867,0.0038145447726457,75.25,0.0,0.0,
2020-10-30,-2.25833333333333,3.61111111111111,100909.583333333,116.113073371915,224.71690372006,0.0022764486057937,71.7916666666667,0.0,0.0,
2020-10-31,-2.29583333333333,2.37268518518519,101906.666666667,130.280788629708,213.561633757445,0.0022576784651268,74.0,0.0,0.0,
2020-11-01,3.884,5.36666666666667,100015.6,86.2776216829437,276.097321137027,0.0038096187839465,73.12,4.4,0.0,
2020-11-02,0.05,6.89814814814815,98978.75,59.8786456178417,270.183273831754,0.0030041837211343,76.3333333333333,2.1,0.083333333,
2020-11-03,-3.33333333333333,3.68055555555556,100344.166666667,100.483306635844,242.083776359907,0.0023152903453918,77.7916666666667,2.8,3.416666667,
2020-11-04,0.916666666666667,3.05555555555556,101575.833333333,91.1327236740202,266.443504797215,0.0029968708373275,74.0416666666667,0.0,1.583333333,
2020-11-05,9.92916666666667,3.78472222222222,101072.916666667,112.916199617173,283.426154591048,0.0048440256841544,66.0,0.0,0.0,
2020-11-06,14.2166666666667,5.83333333333333,100777.916666667,94.640556138695,315.521569661444,0.0062241695569989,62.0416666666667,0.0,0.0,
2020-11-07,13.2625,3.76157407407407,100991.25,103.914763277027,307.689827316852,0.0070902690416924,75.8333333333333,0.0,0.0,
2020-11-08,12.5125,2.66203703703704,101513.75,98.7539397753435,303.969269424613,0.0065664335005435,74.4166666666667,0.0,0.0,
2020-11-09,12.9791666666667,3.42592592592593,101382.5,88.2904519569196,302.566856036661,0.0063444750250282,69.7916666666667,0.0,0.0,
2020-11-10,15.5541666666667,3.99305555555556,100629.166666667,101.748963139428,310.04639410574,0.0069601365121907,63.4583333333333,0.0,0.0,
2020-11-11,17.1625,6.08796296296296,99925.8333333333,32.9070690931871,349.288354112002,0.0092867973709255,75.5416666666667,0.0,0.0,
2020-11-12,4.3,2.8125,100835.833333333,72.5352106536828,267.935570182571,0.0040369042453679,78.7916666666667,0.0,0.0,
2020-11-13,1.45416666666667,2.40740740740741,100612.5,58.1601895892684,270.132044118952,0.0036686805674262,87.3333333333333,1.1,0.0,
2020-11-14,1.57916666666667,3.46064814814815,100773.75,36.7094940199031,260.891484672308,0.0035004272328084,82.5416666666667,0.3,0.0,
2020-11-15,0.4375,4.79166666666667,100402.5,38.1933671620362,275.408704537549,0.0032030262361905,80.625,13.3,0.0,
2020-11-16,4.875,7.96296296296297,99287.0833333333,45.7436628558311,281.773996353186,0.0042094663627709,77.3333333333333,2.0,0.0,
2020-11-17,-0.583333333333333,4.45601851851852,100236.25,70.014808478442,244.344287437292,0.0027756444807009,75.4583333333333,0.2,0.0,
2020-11-18,-5.00416666666667,4.89583333333333,101875.0,82.9550551443969,212.517828359106,0.0015668982069613,61.4583333333333,0.0,0.0,
2020-11-19,-3.24166666666667,2.87037037037037,101463.333333333,44.3034330414078,264.778539131153,0.0020513811707833,68.8333333333333,0.0,0.0,
2020-11-20,7.25833333333333,3.75,100672.916666667,52.2792511803732,306.953400195324,0.0038605805022322,61.1666666666667,0.0,0.0,
2020-11-21,2.675,4.30555555555556,101718.333333333,64.4230071156243,256.261599377836,0.0032315615667138,69.4166666666667,0.0,0.0,
2020-11-22,-2.60416666666667,1.96759259259259,102145.0,64.9303608002507,247.943174761625,0.002570848168709,83.0416666666667,7.4,0.458333333,
2020-11-23,1.2,5.87962962962963,100283.333333333,19.4321916627872,305.057900821654,0.003676091222075,87.75,15.0,0.833333333,
2020-11-24,-4.23333333333333,5.01157407407407,101660.833333333,77.9306170418065,231.1590401049,0.0018471900080131,66.6666666666667,0.1,0.0,
2020-11-25,-2.49166666666667,2.5,101470.0,13.1202753927578,288.536318443038,0.0028098266244923,86.4583333333333,8.2,0.916666667,
2020-11-26,2.77083333333333,1.57407407407407,100559.166666667,15.2260659547555,333.701713992021,0.0043903030310475,94.625,1.5,0.541666667,
2020-11-27,3.425,2.01388888888889,100578.333333333,42.6504420043993,313.53641829037,0.0045940517298885,94.6666666666667,0.1,0.0,
2020-11-28,3.49166666666667,2.83564814814815,100212.083333333,36.7313156837581,302.586067178962,0.0045029607286345,92.2083333333333,1.7,0.0,
2020-11-29,3.61666666666667,2.98611111111111,100563.333333333,53.5994618435946,286.365459363057,0.004109107843769,83.6666666666667,0.0,0.0,
2020-11-30,5.27083333333333,3.36805555555556,99894.5833333333,29.4265137083307,301.433398640919,0.0046193130422173,81.4583333333333,9.5,0.0,
2020-12-01,10.4583333333333,2.70833333333333,98658.3333333333,50.9644959331156,338.933548411916,0.0074548244332889,92.125,8.6,0.0,
2020-12-02,1.80416666666667,4.67592592592593,99636.25,50.0916293789197,274.063924576499,0.0036620261093906,83.625,0.5,0.0,
2020-12-03,1.21666666666667,5.27777777777778,100317.916666667,25.875037915946,271.649724360709,0.0031731268344238,75.4583333333333,0.0,0.0,
2020-12-04,2.36666666666667,3.63425925925926,100183.75,27.3152677303693,306.120917362293,0.0039136596577719,87.125,5.4,0.0,
2020-12-05,0.508333333333333,5.08101851851852,100173.75,32.0342025389911,298.193119306198,0.0035215200466101,88.0833333333333,0.0,0.0,
2020-12-06,-3.6625,6.31944444444444,99635.4166666667,26.2951049451528,274.044713434198,0.0022645402275981,77.6666666666667,1.1,0.0,
2020-12-07,-4.19583333333333,3.92361111111111,99830.8333333333,39.5408549050762,262.421972342265,0.0020842050637099,74.4583333333333,0.0,0.0,
2020-12-08,-4.99583333333333,3.32175925925926,99912.0833333333,63.5828730572107,235.359876554657,0.0021067131639483,80.2083333333333,0.0,0.0,
2020-12-09,-3.54166666666667,2.69675925925926,99485.0,31.1558805688314,272.495014621941,0.0026918837738121,88.875,3.4,0.333333333,
2020-12-10,-1.45,3.19444444444444,100408.75,40.1354952451222,276.945595921606,0.0030293931423681,88.4166666666667,0.9,2.125,
2020-12-11,-0.025,1.66666666666667,100861.25,42.8304707312022,281.825226065988,0.0032793910590166,86.6666666666667,0.0,1.125,
2020-12-12,0.9125,3.31018518518519,100982.916666667,28.9791695993053,293.166203737511,0.0035087262109053,86.5,2.5,0.0,
2020-12-13,2.65416666666667,6.68981481481482,100017.083333333,24.3311551982119,311.839434053806,0.0039677433865689,83.375,1.0,0.0,
2020-12-14,-3.04166666666667,2.69675925925926,100300.833333333,45.1981212594586,260.558491539096,0.0023947050790187,78.9583333333333,0.4,0.0,
2020-12-15,-10.1333333333333,6.59722222222222,101337.5,74.4609724888776,183.560233197827,0.0011927811362729,64.1666666666667,0.0,0.0,
2020-12-16,-16.2125,3.10185185185185,102403.75,68.3672728573972,174.479766603688,0.0006806285781942,64.5416666666667,0.0,0.0,
2020-12-17,-11.05,4.83796296296296,101434.166666667,50.3807664249971,219.555510155268,0.0009968091023799,61.8333333333333,0.0,0.0,
2020-12-18,-12.1375,1.5625,101865.416666667,77.70148957133,182.279490377779,0.0011735945085729,79.125,0.0,0.708333333,
2020-12-19,-8.99166666666667,1.46990740740741,101736.25,64.1829688132204,213.888223176557,0.0014314826756243,74.7916666666667,0.0,1.0,
2020-12-20,-1.64583333333333,2.32638888888889,100682.5,27.4843856252447,281.857244636489,0.0024530601581637,72.9583333333333,0.8,1.0,
2020-12-21,0.495833333333333,1.77083333333333,99850.4166666667,24.7675884753099,299.185694991735,0.0035287744497293,89.2083333333333,0.4,1.0,
2020-12-22,-0.141666666666667,3.59953703703704,99559.5833333333,40.7574126649868,281.204065798265,0.0035057477491297,92.3333333333333,0.0,1.0,
2020-12-23,-5.20833333333333,4.0625,101403.333333333,66.2942147911819,240.713381542456,0.0019055614210856,72.9583333333333,2.4,1.0,
2020-12-24,5.1,5.82175925925926,100370.833333333,35.8257166337797,302.374744613654,0.0042233289996547,72.25,1.9,1.0,
2020-12-25,11.6083333333333,7.38425925925926,98770.4166666667,8.52681515130163,351.369561194579,0.007295172134708,82.7083333333333,9.7,0.625,
2020-12-26,-3.67083333333333,6.73611111111111,99290.4166666667,52.5683882264507,243.069948331344,0.0023069878887588,76.2916666666667,0.3,0.0,
2020-12-27,-7.30833333333333,3.73842592592593,101093.75,74.8537624382658,194.235224602925,0.0016188105963735,74.4583333333333,0.0,0.0,
2020-12-28,0.316666666666667,6.35416666666667,100419.166666667,19.317627927549,282.606479186217,0.002954216107464,74.5833333333333,1.2,0.0,
2020-12-29,-6.62083333333333,5.9837962962963,101549.166666667,76.0648647822127,202.367941510227,0.001497031593822,63.2916666666667,0.0,0.0,
2020-12-30,-5.4125,3.80787037037037,101087.5,33.1634736434821,254.033106870953,0.0021313035226849,81.4583333333333,7.1,0.291666667,
2020-12-31,-1.20416666666667,5.87962962962963,100565.833333333,49.7697598370598,260.899832082951,0.0027077740874984,76.0833333333333,3.8,3.894736842,
2021-01-01,-5.3,1.8287037037037,102020.0,77.6832700303028,217.654117899668,0.0017874512095398,70.875,0.0,3.0,
2021-01-02,-4.23333333333333,3.06712962962963,100446.666666667,23.3927587153398,270.585829021744,0.002505488702748,90.25,12.7,14.04166667,
2021-01-03,-7.89583333333333,1.22685185185185,100937.083333333,57.7467584985146,237.413281496525,0.0019152628226074,86.2916666666667,0.0,18.66666667,
2021-01-04,-2.8125,2.02546296296296,100712.5,71.7637609651406,237.538816208068,0.0027579062122947,89.625,0.0,17.33333333,
2021-01-05,-3.57916666666667,3.92361111111111,100666.25,62.6293934086113,250.901986251813,0.0024429301864238,84.125,0.0,16.08333333,
2021-01-06,-6.28333333333333,2.88194444444445,100853.75,65.1584885699087,238.643521669646,0.0020563302235232,84.9166666666667,0.0,15.25,
2021-01-07,-6.61666666666667,2.99768518518519,101211.666666667,79.6088934611387,212.005055880236,0.0019182827419428,82.0833333333333,0.0,15.0,
2021-01-08,-7.84583333333333,3.99305555555556,100849.166666667,77.0523677666386,209.921179668623,0.0015563367611217,73.2916666666667,0.0,14.33333333,
2021-01-09,-8.15833333333333,2.34953703703704,100621.666666667,85.6820135122365,212.626452702373,0.0014225115619631,68.75,0.0,14.0,
2021-01-10,-6.36666666666667,3.77314814814815,101389.583333333,82.0063220630626,209.023606481091,0.0018680186394283,79.875,0.0,14.0,
2021-01-11,-3.825,2.48842592592593,101273.333333333,30.590530627752,272.085968824682,0.0024329156866533,85.5416666666667,0.3,14.0,
2021-01-12,-1.49166666666667,3.83101851851852,100689.583333333,50.318570107199,278.412918286446,0.0030497556635734,89.8333333333333,2.1,16.79166667,
2021-01-13,-0.883333333333333,3.47222222222222,100243.333333333,62.6074489820491,258.986421675177,0.0028443649272497,79.875,0.0,16.625,
2021-01-14,-0.129166666666667,1.68981481481482,100051.666666667,44.0973251768061,281.067977435579,0.0033274575335805,88.4166666666667,0.5,15.375,
2021-01-15,-1.70416666666667,1.89814814814815,100660.416666667,86.7847209469886,242.246367890928,0.002552214446502,77.8333333333333,0.0,14.04166667,
2021-01-16,0.0708333333333333,4.44444444444444,99062.5,10.9831854943973,290.483080801298,0.0034019841668163,87.75,11.5,16.25,
2021-01-17,-1.675,5.625,98150.4166666667,36.7678867050204,287.802914709857,0.0033197145966911,96.4166666666667,10.6,29.625,
2021-01-18,-8.12916666666667,4.91898148148148,99415.8333333333,58.0100916172615,231.977628486716,0.0018353203242482,85.5833333333333,0.0,29.66666667,
2021-01-19,-15.5916666666667,0.289351851851852,100485.416666667,90.7840926879556,201.974832427956,0.0010322379500344,83.75,0.0,28.33333333,
2021-01-20,-10.0666666666667,2.08333333333333,100286.25,69.8107070011019,232.021565635756,0.0015259390502863,85.75,0.0,27.29166667,
2021-01-21,-11.1333333333333,3.24074074074074,99461.6666666667,57.2639811141455,240.61441664087,0.0014618679980516,83.9583333333333,2.5,27.33333333,
2021-01-22,-5.05833333333333,3.13657407407407,99265.0,61.9875189316661,268.200669502428,0.0023423220404668,87.875,2.2,31.29166667,
2021-01-23,-14.05,4.62962962962963,100482.916666667,79.2522965295024,210.040437644589,0.0010229717134388,78.4166666666667,0.0,31.58333333,
2021-01-24,-15.7041666666667,5.12731481481481,100837.5,92.8633271047271,188.906668956337,0.0008155521130174,72.5,0.0,30.58333333,
2021-01-25,-15.6833333333333,2.07175925925926,101005.0,101.624639409698,189.302103297697,0.0008694013870326,77.7083333333333,0.0,29.16666667,
2021-01-26,-13.2541666666667,1.21527777777778,100794.583333333,106.95164895768,209.0487134234,0.0012137172042013,78.25,0.5,29.0,
2021-01-27,-4.725,2.36111111111111,100735.0,72.1752189631825,269.713362776521,0.0022832120627528,85.3333333333333,0.1,28.83333333,29.4
2021-01-28,-7.50833333333333,4.22453703703704,100866.25,74.1941062069078,241.71284536687,0.0017930003928964,80.625,0.7,29.79166667,
2021-01-29,-16.4916666666667,3.73842592592593,101055.0,103.873943132327,188.599108913056,0.0007642993608881,73.25,0.0,29.45833333,
2021-01-30,-16.4833333333333,3.03240740740741,101578.75,113.53497692635,166.88160381613,0.000742247150445,71.2083333333333,0.0,28.79166667,
2021-01-31,-24.3625,0.902777777777778,101867.5,119.641013617291,165.921263272826,0.0004086841754279,73.4583333333333,0.0,28.20833333,
2021-02-01,-15.6583333333333,2.96296296296296,101431.666666667,122.373094724289,187.839623908222,0.0008927260178847,70.375,0.0,28.66666667,
2021-02-02,-4.55416666666667,8.20601851851852,100048.75,24.5338688965759,273.80579437282,0.002246732757121,81.9166666666667,4.9,29.45833333,
2021-02-03,-2.31666666666667,5.64814814814815,99029.5833333333,53.2262066266948,284.118470926072,0.0028051145084191,86.4583333333333,1.3,28.16666667,
2021-02-04,-3.6875,3.53009259259259,99774.1666666667,109.469771905696,233.72883771274,0.0022060554267463,75.2083333333333,0.0,28.79166667,
2021-02-05,-4.85833333333333,3.0787037037037,99306.25,54.6909970997238,259.588988290583,0.0025150480685511,86.3333333333333,3.3,28.95833333,
2021-02-06,-5.96666666666667,6.38888888888889,100029.166666667,111.900117147464,218.5516910872,0.0017136699559772,69.0,0.2,30.33333333,
2021-02-07,-8.0875,2.87037037037037,100551.25,82.895071338833,233.239252337722,0.0017052749557309,78.0833333333333,2.0,30.16666667,
2021-02-08,-14.3166666666667,3.88888888888889,101523.75,135.534264554988,178.418243806925,0.0008600704838278,66.9583333333333,0.0,33.08333333,
2021-02-09,-13.1625,1.27314814814815,101555.0,87.8764561684598,222.217304664253,0.0011150923329234,77.625,0.0,32.29166667,
2021-02-10,-12.9208333333333,2.31481481481482,101442.5,134.387668267111,193.457302249768,0.0010857642641298,77.5416666666667,0.0,31.625,
2021-02-11,-17.1875,3.34490740740741,101531.25,142.792383640446,171.645646119184,0.0006334616863181,64.625,0.0,31.04166667,
2021-02-12,-19.6291666666667,3.42592592592593,101890.416666667,135.616556154596,168.764624489273,0.0005056396493489,63.75,0.0,30.625,
2021-02-13,-18.2375,1.2037037037037,102009.583333333,134.217598961254,184.8518977735,0.0006095888627265,67.5833333333333,0.0,30.5,
2021-02-14,-12.3916666666667,2.08333333333333,101521.25,103.094915989368,235.618135121461,0.0011300927621641,77.2083333333333,0.3,30.70833333,
2021-02-15,-9.32083333333333,0.844907407407408,101540.833333333,66.3050848577852,244.349074309272,0.0015080605018018,80.6666666666667,0.2,30.75,
2021-02-16,-5.33333333333333,4.61805555555556,99713.75,28.889837569179,287.526738344463,0.0023715231708944,90.5833333333333,13.2,38.83333333,
2021-02-17,-14.1208333333333,5.94907407407407,101465.0,154.763068330144,186.364591047592,0.0008784746135023,69.0,0.0,39.95833333,
2021-02-18,-16.175,0.833333333333333,102153.75,141.865231618192,202.665273341442,0.0008527901342092,75.0,0.0,39.54166667,
2021-02-19,-9.02916666666667,2.70833333333333,101309.166666667,114.396295668918,241.367624910127,0.0013996751788671,71.9583333333333,0.7,39.15789474,
2021-02-20,-8.89166666666667,2.29166666666667,100806.666666667,112.251227972459,248.610977766154,0.0016828038466221,86.4166666666667,1.8,46.2,
2021-02-21,-13.4166666666667,2.17592592592593,101926.25,165.279934760094,184.770300210997,0.0010264839092389,73.5833333333333,0.0,44.875,
2021-02-22,-6.40833333333333,4.49074074074074,100331.666666667,73.5248011967598,261.296260367567,0.0019915366445703,78.7083333333333,2.3,36.0,
2021-02-23,0.4,4.15509259259259,98983.75,79.2742409560647,296.546407368822,0.0034033007855726,86.125,1.3,31.08333333,
2021-02-24,1.00833333333333,4.56018518518518,99678.75,93.8288818734653,288.54356950796,0.0035776737748234,87.375,10.9,34.58333333,
2021-02-25,-7.06666666666667,5.09259259259259,100474.166666667,125.873230760965,237.890313400388,0.0018706871677943,79.4583333333333,3.08192958872199,34.91666667,
2021-02-26,-12.3625,2.12962962962963,101907.5,179.384714932969,181.048196013749,0.0009861970934207,67.5,0.0,34.125,
2021-02-27,-3.53333333333333,5.84490740740741,100809.166666667,49.610862350567,256.58243194913,0.0026635638756551,82.9166666666667,8.7,34.0,
2021-02-28,1.1625,3.06712962962963,101107.5,158.740495644549,257.404684309736,0.0029814150069706,74.0416666666667,0.0,33.91666667,30.6
2021-03-01,-0.616666666666667,8.73842592592593,99135.0,105.519775124495,281.21861908943,0.0029792114833509,72.0833333333333,4.4,33.79166667,33.4
2021-03-02,-14.7,8.78472222222223,100445.833333333,181.491379882943,184.305821778288,0.0007068978706905,56.0833333333333,0.1,33.20833333,
2021-03-03,-8.19583333333333,2.01388888888889,100008.333333333,165.109865454237,231.808156626133,0.0015583821399935,76.6666666666667,2.7,32.0,
2021-03-04,-9.46666666666667,6.06481481481481,99982.0833333333,137.481832412386,217.792206082365,0.001133977322328,59.9583333333333,0.9,25.54166667,
2021-03-05,-11.8291666666667,5.33564814814815,99866.25,157.890149115262,206.437591423307,0.0008707967174435,56.1666666666667,0.0,11.45833333,
2021-03-06,-9.62916666666667,5.69444444444444,100577.916666667,169.537153513167,198.453583769177,0.0012147236779623,66.2916666666667,0.0,10.0,
2021-03-07,-10.75,2.62731481481482,101621.25,193.774772651153,189.502958836166,0.0010950742143005,66.2083333333333,0.0,10.17391304,
2021-03-08,-10.0541666666667,1.48148148148148,101837.5,203.359000952208,204.636168312666,0.0011102292864917,63.0,0.0,10.95833333,
2021-03-09,-2.14166666666667,2.38425925925926,101530.416666667,130.097532874195,268.244606651468,0.0023127966642122,71.6666666666667,0.0,9.833333333,
2021-03-10,-0.354166666666667,2.01388888888889,101807.083333333,198.372130015941,246.514548083387,0.0023297049237972,66.5,0.0,5.5,
2021-03-11,9.3,6.55092592592593,100294.583333333,111.428311976376,315.62140678777,0.0039538892786714,54.4166666666667,1.3,0.708333333,
2021-03-12,2.74583333333333,7.96296296296296,100142.5,173.975413785379,267.742467805297,0.0033079024989235,71.5833333333333,2.0,0.0,
2021-03-13,-5.1625,6.5625,100956.666666667,181.661449188801,246.822108126667,0.0017655807405526,67.7916666666667,0.5,0.0,
2021-03-14,-6.83478260869565,7.85024154589373,100514.782608696,183.97253124273,222.224761485432,0.0015722366964503,67.6086956521739,0.0,0.0,
2021-03-15,-13.9833333333333,5.33564814814815,101782.083333333,221.474125079331,167.49672390269,0.0007129961471895,55.2916666666667,0.0,0.0,
2021-03-16,-8.99583333333333,2.25694444444444,101378.75,218.006905682498,198.560288273988,0.0012093637294536,63.0,0.0,0.0,
2021-03-17,-1.04583333333333,2.52314814814815,100893.333333333,217.156559153212,236.82954508785,0.002201901983593,61.625,0.0,0.0,
2021-03-18,1.14166666666667,5.8912037037037,100659.583333333,136.395583297556,285.894787094404,0.0029785657031548,69.875,1.0,0.0,
2021-03-19,-7.075,5.3125,101821.25,230.400020583519,190.17456954292,0.0012846868078623,57.0833333333333,0.0,0.0,
2021-03-20,0.475,5.40509259259259,101933.75,224.721900210541,227.483485813479,0.002472088294155,62.5,0.0,0.0,
2021-03-21,4.90416666666667,3.59953703703704,102182.083333333,234.163489738942,234.525983131037,0.0030995468904341,59.2916666666667,0.0,0.0,
2021-03-22,5.25416666666667,1.89814814814815,101665.416666667,237.542931429526,241.825826607259,0.0031991771957779,62.7083333333333,0.0,0.0,
2021-03-23,7.18333333333333,1.44675925925926,101335.833333333,232.265296841309,259.356749074229,0.0037315944676402,62.2083333333333,0.0,0.0,
2021-03-24,7.9,2.10648148148148,100963.75,105.942205335818,311.980900153025,0.0043323563490503,66.75,0.5,0.0,
2021-03-25,11.9833333333333,3.18287037037037,100326.666666667,159.201328602356,328.708400466121,0.0070328573843466,80.2083333333333,3.5,0.0,
2021-03-26,6.52916666666667,4.58333333333333,99394.1666666667,27.5183109090395,336.999968163531,0.0055901660829452,91.2083333333333,19.4,0.0,
2021-03-27,1.52083333333333,1.70138888888889,100920.833333333,69.9862624135998,309.708721874098,0.0039312289937042,93.1666666666667,0.6,0.0,
2021-03-28,5.52916666666667,6.00694444444444,99590.0,68.4282081276813,318.621686393646,0.0049105463408548,86.0416666666667,16.7,0.0,
2021-03-29,1.69166666666667,8.92361111111112,99673.3333333333,200.456850539353,261.164448920447,0.0030679292495792,69.3333333333333,2.8,0.0,
2021-03-30,6.00833333333333,4.05092592592593,101145.0,240.121401550588,251.058904641241,0.0029563123026507,54.75,0.0,0.0,
2021-03-31,10.7125,5.06944444444444,100275.416666667,112.668172077142,319.764052268687,0.0052978343977166,65.6666666666667,0.4,0.0,
2021-04-01,-0.7125,6.78240740740741,100441.666666667,74.2709116998756,290.658829397459,0.0030076677177742,81.125,2.2,0.0,
2021-04-02,-3.63333333333333,3.83101851851852,101034.583333333,218.950516024674,225.594188404758,0.0017708834860795,61.4583333333333,0.0,0.0,
2021-04-03,0.895833333333333,3.41435185185185,101280.833333333,271.787209079889,211.295784760018,0.0020692180452924,53.125,0.0,0.0,
2021-04-04,4.4625,2.52314814814815,100920.0,244.888828221233,253.274592299974,0.003088469144718,59.5,0.0,0.0,
2021-04-05,6.17083333333333,5.9837962962963,100553.333333333,208.219691435742,262.909381410894,0.0031146811480893,54.625,0.0,0.0,
2021-04-06,6.66666666666667,2.10648148148148,100597.083333333,194.2410917156,289.893067657047,0.0040734133465849,67.5,0.0,0.0,
2021-04-07,9.71666666666667,3.18287037037037,100908.75,172.291179046727,315.891306417588,0.0058635326007409,79.5416666666667,0.0,0.0,
2021-04-08,11.875,2.36111111111111,100941.25,264.529089994431,286.880234580016,0.0057499196463534,70.0416666666667,0.0,0.0,
2021-04-09,14.5708333333333,1.31944444444444,100752.916666667,263.349577066711,301.260235787259,0.0063270087607413,65.3333333333333,0.0,0.0,
2021-04-10,13.0458333333333,1.9212962962963,100254.583333333,220.530514737155,314.190311076181,0.0064637991845874,71.1666666666667,0.0,0.0,
2021-04-11,10.6083333333333,5.52083333333333,99798.3333333333,262.181036352272,289.660828440692,0.0043986971110794,58.25,0.0,0.0,
2021-04-12,11.025,5.55555555555556,100301.666666667,121.572123154768,326.229089913148,0.005371393851122,66.1666666666667,0.0,0.0,
2021-04-13,11.175,3.91203703703704,100859.166666667,259.959163162846,289.786363152235,0.0048690317836372,60.875,0.0,0.0,
2021-04-14,10.4708333333333,2.43055555555555,100562.083333333,283.412269051232,269.600381536132,0.003925583723276,52.0416666666667,0.0,0.0,
2021-04-15,9.8625,2.26851851851852,99822.0833333333,118.763236554802,309.589463898132,0.0055939946888281,73.875,3.2,0.0,
2021-04-16,5.87083333333333,3.21759259259259,99811.6666666667,113.381365940414,313.782323263666,0.0046193579818085,80.4583333333333,0.9,0.0,
2021-04-17,5.7,4.14351851851852,99954.1666666667,153.589041509065,299.703605364127,0.0037978069341889,67.4166666666667,0.0,0.0,
2021-04-18,6.95416666666667,2.08333333333333,99918.75,172.916595203751,304.348389691215,0.0042564469271573,69.2916666666667,0.0,0.0,
2021-04-19,8.70416666666667,3.1712962962963,99872.5,265.450755910045,284.501351796278,0.0051968643711064,75.2916666666667,0.6,0.0,
2021-04-20,7.1125,6.31944444444445,99910.0,179.061034641176,295.592343561096,0.0043300817401915,69.0,1.6,0.0,
2021-04-21,-0.15,3.99305555555556,99965.0,77.2279231791365,296.301614681313,0.0031060327242929,83.2083333333333,7.6,0.0,
2021-04-22,-1.55416666666667,6.58564814814815,99284.5833333333,175.078121220131,275.494236243073,0.0024222800943135,71.2916666666667,0.3,0.0,
2021-04-23,6.53333333333333,7.73148148148148,99436.6666666667,281.376923487585,254.31653040578,0.0029827724895895,50.4583333333333,0.0,0.0,
2021-04-24,11.3291666666667,4.56018518518519,99839.5833333333,290.396082804662,276.780967036388,0.0044638762747909,55.125,0.3,0.0,
2021-04-25,9.65,2.69675925925926,99651.25,188.765957288323,307.555801571137,0.0053677960846337,72.7916666666667,12.4,0.0,
2021-04-26,2.22083333333333,6.5162037037037,100399.583333333,167.189099871008,283.120469969306,0.0031453294801555,70.4583333333333,0.0,0.0,
2021-04-27,7.2625,3.76157407407407,100510.833333333,311.199399185659,250.249205751789,0.0030689544107085,51.0416666666667,0.0,0.0,
2021-04-28,11.1,1.67824074074074,100191.25,183.378600567295,314.096160042524,0.0042554395206136,53.7083333333333,0.0,0.0,
2021-04-29,13.3083333333333,2.03703703703704,99612.0833333333,228.951688430412,317.278464980137,0.0062829923342664,68.9166666666667,0.0,0.0,
2021-04-30,9.15416666666667,4.72222222222222,98281.6666666667,32.2253904066383,341.933482327168,0.0068398687957306,92.5833333333333,33.8,0.0,
2021-05-01,6.04166666666667,6.2962962962963,99675.8333333333,295.920592191704,272.380975396808,0.0034372107154425,59.625,0.9,0.0,
2021-05-02,9.38333333333333,5.02314814814815,99420.8333333333,251.395350696935,296.766093114022,0.0044212837342163,61.7916666666667,0.0,0.0,
2021-05-03,6.38333333333333,1.90972222222222,100383.333333333,197.944213697977,291.16096824363,0.0031619998490449,53.4583333333333,0.0,0.0,
2021-05-04,11.0208333333333,2.92824074074074,99950.8333333333,76.6738264084401,350.193666346693,0.0047022121203247,57.2083333333333,0.0,0.0,
2021-05-05,10.9708333333333,3.88888888888889,99502.9166666667,30.4588640683786,363.563113126015,0.0075239310233978,91.5,9.1,0.0,
2021-05-06,8.95,5.03472222222222,100127.5,286.53934983635,293.891348219689,0.0045731072376122,65.4166666666667,1.0,0.0,
2021-05-07,8.45416666666667,1.73611111111111,100515.416666667,291.701776185115,266.738190112953,0.0035107241157914,56.125,0.0,0.0,
2021-05-08,10.9041666666667,3.94675925925926,100232.916666667,216.937114887589,303.921571671969,0.0036362331828445,45.2916666666667,0.0,0.0,
2021-05-09,8.75,2.98611111111111,100220.833333333,288.338792814453,285.204346180918,0.0050436848980908,72.75,0.0,0.0,
2021-05-10,9.8875,2.47685185185185,100092.916666667,298.976353590495,286.346712055959,0.004699860280735,66.1666666666667,0.0,0.0,
2021-05-11,9.43333333333333,5.37037037037037,100187.916666667,238.716958250605,305.835976022999,0.0051347779846669,70.5833333333333,0.5,0.0,
2021-05-12,10.5875,3.31018518518519,100747.916666667,293.22691383119,291.863962628271,0.005095285811282,68.2916666666667,0.6,0.0,
2021-05-13,11.4,2.59259259259259,101095.0,310.178983350515,287.200348094451,0.0047608120616834,61.9166666666667,0.6,0.0,
2021-05-14,13.875,3.09027777777778,101003.333333333,304.879404335736,300.412876484344,0.0054983758920463,61.4583333333333,0.0,0.0,
2021-05-15,15.8333333333333,3.56481481481481,101071.25,306.547180754465,295.673941123599,0.004651349416431,46.0833333333333,0.0,0.0,
2021-05-16,14.6458333333333,1.93287037037037,101255.0,321.123766098428,300.557241402619,0.0054864203165048,57.5,0.0,0.0,
2021-05-17,16.3583333333333,2.38425925925926,101324.166666667,329.879592296759,306.877914128805,0.0057226574315945,55.875,0.0,0.0,
2021-05-18,18.8666666666667,3.24074074074074,101262.5,306.514264114622,327.854764427629,0.006038325910889,47.4583333333333,0.0,0.0,
2021-05-19,18.25,1.37731481481482,101630.833333333,307.507249416563,324.898421970793,0.0054955848981194,45.4583333333333,0.0,0.0,
2021-05-20,21.6708333333333,3.29861111111111,101815.416666667,277.607968225521,357.12945915944,0.0079264710346395,53.7916666666667,0.0,0.0,
2021-05-21,24.2041666666667,3.4375,101710.0,266.498602278391,384.169636025787,0.0101471484243055,57.3333333333333,0.1,0.0,
2021-05-22,23.6583333333333,4.81481481481481,100774.583333333,218.950516024674,388.249514150932,0.0107819271867998,59.75,0.0,0.0,
2021-05-23,16.3875,6.04166666666667,100461.25,217.293711819225,340.263870663647,0.0084768880231407,70.125,3.1,0.0,
2021-05-24,11.7666666666667,2.43055555555556,101365.833333333,356.03734875894,270.52933840155,0.0041693818559271,53.9166666666667,0.0,0.0,
2021-05-25,17.2916666666667,4.62962962962963,100516.666666667,233.225365503406,343.075848202209,0.0087258119191102,69.125,0.0,0.0,
2021-05-26,23.7791666666667,7.12962962962963,99711.6666666667,248.136603352443,382.060652871866,0.0117864156679222,65.0,0.3,0.0,
2021-05-27,12.2208333333333,5.68287037037037,100570.833333333,345.229718677041,295.12158839281,0.0045994686453095,49.4583333333333,0.0,0.0,
2021-05-28,6.24166666666667,1.90972222222222,101175.416666667,334.520838514671,261.578713468539,0.0030019181442361,55.7083333333333,0.0,0.0,
2021-05-29,9.675,3.15972222222222,101225.833333333,358.813318719062,263.242048396483,0.0031770163047989,50.625,0.0,0.0,
2021-05-30,11.6208333333333,2.88194444444445,101646.25,259.8988159898,304.699886883535,0.0047134161310966,59.2916666666667,0.4,0.0,
2021-05-31,11.4583333333333,2.41898148148148,101248.75,128.413298135544,341.538047985808,0.0069001566594436,83.7083333333333,1.6,0.0,
2021-06-01,15.2333333333333,4.93055555555556,100945.833333333,284.844142884417,317.259634773405,0.0065259975988325,65.5,0.0,0.0,
2021-06-02,19.0083333333333,3.40277777777778,100992.916666667,323.137167235513,321.640796206254,0.006806863757882,54.6666666666667,0.0,0.0,
2021-06-03,16.8833333333333,3.05555555555556,100362.916666667,71.8515386713895,365.960826116485,0.0104167617853456,86.6666666666667,7.6,0.0,
2021-06-04,20.7125,4.83796296296296,99902.0833333333,278.814911686444,363.876949904872,0.0110477438664429,74.8333333333333,0.0,0.0,
2021-06-05,21.6083333333333,5.48611111111111,99695.0,215.318713428625,375.570508285096,0.0115653285883921,71.75,0.3,0.0,
2021-06-06,24.925,5.06944444444444,100211.25,250.391393181713,395.310841675222,0.0123648469075273,65.5,0.0,0.0,
2021-06-07,27.6333333333333,6.50462962962963,100322.916666667,310.321622123169,397.03066722336,0.0115004242105601,50.5,0.0,0.0,
2021-06-08,25.8583333333333,4.0625,100337.916666667,240.450567949021,405.460323103468,0.014802059682674,71.5,0.0,0.0,
2021-06-09,22.6208333333333,4.43287037037037,100650.416666667,351.851449392194,343.665861346461,0.0080087865080267,48.0416666666667,0.0,0.0,
2021-06-10,15.925,3.51851851851852,101064.166666667,341.987429652471,305.277346556633,0.0047421741755272,43.4583333333333,0.0,0.0,
2021-06-11,16.6458333333333,1.33101851851852,100542.5,214.512255752463,342.473281586803,0.0063992509235839,57.7083333333333,0.0,0.0,
2021-06-12,18.5625,1.86342592592593,100117.5,358.626791093284,315.696727614696,0.0067483825958652,56.5833333333333,0.0,0.0,
2021-06-13,18.9125,1.64351851851852,100035.0,324.700707628072,331.237924903711,0.0064865306542593,54.0,0.0,0.0,
2021-06-14,18.075,2.92824074074074,99830.0,156.282719869579,373.969940712924,0.0102666109167242,79.3333333333333,5.5,0.0,
2021-06-15,17.325,3.35648148148148,99708.75,207.917955570512,370.354541020488,0.0100434602693447,81.25,2.3,0.0,
2021-06-16,14.3583333333333,4.31712962962963,99953.3333333333,281.552478900083,308.616569883675,0.0063337138979756,64.4166666666667,0.7,0.0,
2021-06-17,16.6958333333333,3.90046296296296,100111.25,331.327924449866,305.716718047033,0.0059029398279615,54.7916666666667,0.0,0.0,
2021-06-18,19.0416666666667,4.24768518518518,100043.75,253.694029379328,345.887825740771,0.0079652230288924,59.1666666666667,2.7,0.0,
2021-06-19,20.0833333333333,5.47453703703704,99340.0,245.431952778648,376.643830068789,0.0105918904743824,74.25,8.4,0.0,
2021-06-20,20.1541666666667,3.18287037037037,99671.25,306.503291901341,344.682692509958,0.0094162436735959,66.75,0.0,0.0,
2021-06-21,22.0166666666667,4.15509259259259,99089.1666666667,181.26096340404,384.364214828679,0.0134672859957443,79.375,1.6,0.0,
2021-06-22,16.7291666666667,3.7037037037037,99615.8333333333,132.028642411671,373.73770149657,0.0092717034040977,74.8333333333333,0.1,0.0,
2021-06-23,13.988147771269,2.58224609360383,100793.040255353,281.717062099299,319.054781148469,0.0058192964498865,62.4332576889413,0.0803415130104406,0.0,
2021-06-24,18.5666666666667,3.83101851851852,101495.0,348.66950754067,315.44565819161,0.0065646780987762,54.75,0.0,0.0,
2021-06-25,20.5458333333333,3.7037037037037,101258.333333333,277.169079694277,358.673536111418,0.0088349718739722,59.625,0.0,0.0,
2021-06-26,19.5083333333333,3.37962962962963,100785.0,43.2195481143168,397.576743218572,0.0128109819358854,90.4583333333333,25.0,0.0,
2021-06-27,26.0875,6.18055555555556,100310.416666667,232.599949346383,413.544758526833,0.015221134903674,73.0416666666667,1.2,0.0,
2021-06-28,25.675,2.99768518518518,100703.333333333,166.821530726091,415.804383334606,0.0164991335301815,80.5833333333333,1.8,0.0,
2021-06-29,24.5708333333333,3.00925925925926,100888.333333333,246.699243412617,397.796428963772,0.0149963209883747,79.375,0.0,0.0,
2021-06-30,22.9458333333333,3.85416666666667,100137.083333333,183.32922560753,407.142488238143,0.0148002405554435,84.6666666666667,20.9,0.0,
